date,customer_id,product,region,channel,quantity,unit_price,discount,revenue,csat_score,churn
2021-01-01,CUST0284,Watch,South,Retail,13,15000,0.03,189150.0,2,1
2021-01-02,CUST0277,Earbuds,West,Online,1,5000,0.2,4000.0,4,0
2021-01-03,CUST0107,Tablet,South,Online,3,25000,0.22,58500.0,5,0
2021-01-04,CUST0146,Earbuds,West,Retail,4,5000,0.04,19200.0,3,1
2021-01-05,CUST0099,Earbuds,South,Online,11,5000,0.21,43450.0,4,0
2021-01-06,CUST0073,Phone,East,Retail,11,35000,0.25,288750.0,3,0
2021-01-07,CUST0122,Tablet,North,Partner,5,25000,0.18,102500.0,5,0
2021-01-08,CUST0030,Tablet,East,Online,3,25000,0.2,60000.0,5,0
2021-01-09,CUST0188,Tablet,North,Retail,6,25000,0.25,112500.0,5,0
2021-01-10,CUST0288,Earbuds,West,Partner,11,5000,0.15,46750.0,4,0
2021-01-11,CUST0195,Watch,East,Partner,14,15000,0.08,193200.0,5,0
2021-01-12,CUST0156,Tablet,South,Retail,12,25000,0.21,237000.0,4,0
2021-01-13,CUST0172,Earbuds,North,Online,5,5000,0.15,21250.0,4,0
2021-01-14,CUST0041,Phone,North,Retail,3,35000,0.15,89250.0,5,1
2021-01-15,CUST0063,Watch,East,Partner,6,15000,0.06,84600.0,4,0
2021-01-16,CUST0023,Phone,West,Retail,6,35000,0.19,170100.0,2,1
2021-01-17,CUST0075,Watch,East,Online,14,15000,0.02,205800.0,2,1
2021-01-18,CUST0048,Earbuds,West,Partner,8,5000,0.23,30800.0,2,1
2021-01-19,CUST0160,Laptop,West,Retail,2,75000,0.08,138000.0,5,0
2021-01-20,CUST0118,Watch,North,Online,1,15000,0.03,14550.0,4,1
2021-01-21,CUST0100,Phone,East,Partner,4,35000,0.11,124600.0,5,0
2021-01-22,CUST0167,Earbuds,East,Online,7,5000,0.01,34650.0,4,1
2021-01-23,CUST0290,Watch,West,Partner,11,15000,0.17,136950.0,3,0
2021-01-24,CUST0156,Laptop,East,Retail,10,75000,0.23,577500.0,3,1
2021-01-25,CUST0007,Laptop,South,Online,3,75000,0.21,177750.0,5,0
2021-01-26,CUST0196,Tablet,South,Partner,3,25000,0.03,72750.0,4,1
2021-01-27,CUST0056,Tablet,East,Online,5,25000,0.03,121250.0,5,1
2021-01-28,CUST0193,Phone,East,Online,5,35000,0.2,140000.0,4,0
2021-01-29,CUST0047,Watch,West,Retail,13,15000,0.23,150150.0,4,0
2021-01-30,CUST0148,Watch,South,Online,10,15000,0.12,132000.0,4,0
2021-01-31,CUST0275,Tablet,South,Partner,3,25000,0.12,66000.0,5,0
2021-02-01,CUST0157,Watch,North,Partner,9,15000,0.08,124200.0,5,0
2021-02-02,CUST0202,Watch,West,Partner,4,15000,0.22,46800.0,1,1
2021-02-03,CUST0126,Laptop,North,Partner,13,75000,0.16,819000.0,4,0
2021-02-04,CUST0294,Tablet,South,Retail,13,25000,0.07,302250.0,4,0
2021-02-05,CUST0064,Earbuds,West,Online,3,5000,0.07,13950.0,5,0
2021-02-06,CUST0176,Tablet,East,Retail,11,25000,0.22,214500.0,3,0
2021-02-07,CUST0116,Earbuds,West,Online,2,5000,0.0,10000.0,5,1
2021-02-08,CUST0204,Laptop,East,Online,10,75000,0.08,690000.0,5,0
2021-02-09,CUST0031,Phone,East,Online,13,35000,0.14,391300.0,3,0
2021-02-10,CUST0113,Watch,West,Retail,11,15000,0.04,158400.0,5,1
2021-02-11,CUST0067,Laptop,East,Online,9,75000,0.02,661500.0,2,1
2021-02-12,CUST0075,Watch,North,Retail,4,15000,0.2,48000.0,2,1
2021-02-13,CUST0045,Phone,South,Partner,3,35000,0.22,81900.0,2,1
2021-02-14,CUST0260,Phone,East,Partner,7,35000,0.21,193550.0,2,1
2021-02-15,CUST0154,Laptop,North,Online,8,75000,0.22,468000.0,5,0
2021-02-16,CUST0155,Phone,East,Retail,11,35000,0.14,331100.0,2,1
2021-02-17,CUST0234,Earbuds,South,Partner,14,5000,0.2,56000.0,3,0
2021-02-18,CUST0051,Phone,North,Retail,2,35000,0.1,63000.0,2,1
2021-02-19,CUST0262,Watch,South,Retail,7,15000,0.17,87150.0,3,0
2021-02-20,CUST0125,Watch,South,Online,12,15000,0.25,135000.0,2,1
2021-02-21,CUST0245,Watch,North,Partner,5,15000,0.06,70500.0,4,0
2021-02-22,CUST0030,Watch,North,Online,11,15000,0.1,148500.0,2,1
2021-02-23,CUST0122,Earbuds,North,Online,5,5000,0.12,22000.0,5,0
2021-02-24,CUST0125,Tablet,West,Partner,3,25000,0.03,72750.0,5,1
2021-02-25,CUST0037,Laptop,North,Partner,5,75000,0.02,367500.0,1,1
2021-02-26,CUST0170,Watch,North,Retail,12,15000,0.21,142200.0,5,0
2021-02-27,CUST0124,Phone,North,Partner,2,35000,0.24,53200.0,1,1
2021-02-28,CUST0035,Watch,North,Retail,4,15000,0.1,54000.0,3,0
2021-03-01,CUST0087,Phone,East,Retail,6,35000,0.02,205800.0,1,1
2021-03-02,CUST0134,Phone,West,Retail,1,35000,0.02,34300.0,3,1
2021-03-03,CUST0196,Watch,South,Partner,10,15000,0.22,117000.0,4,0
2021-03-04,CUST0274,Earbuds,North,Online,4,5000,0.12,17600.0,5,1
2021-03-05,CUST0201,Phone,East,Retail,6,35000,0.08,193200.0,3,0
2021-03-06,CUST0285,Phone,East,Online,9,35000,0.12,277200.0,5,0
2021-03-07,CUST0077,Watch,East,Online,14,15000,0.08,193200.0,3,0
2021-03-08,CUST0059,Phone,South,Partner,11,35000,0.12,338800.0,5,0
2021-03-09,CUST0126,Phone,North,Online,11,35000,0.21,304150.0,3,0
2021-03-10,CUST0109,Watch,West,Online,13,15000,0.15,165750.0,2,1
2021-03-11,CUST0224,Watch,West,Partner,2,15000,0.17,24900.0,3,0
2021-03-12,CUST0278,Laptop,East,Retail,11,75000,0.09,750750.0,3,0
2021-03-13,CUST0068,Earbuds,South,Online,7,5000,0.18,28700.0,4,0
2021-03-14,CUST0069,Earbuds,South,Partner,6,5000,0.17,24900.0,5,0
2021-03-15,CUST0165,Phone,South,Online,2,35000,0.03,67900.0,2,1
2021-03-16,CUST0162,Earbuds,West,Online,8,5000,0.14,34400.0,5,0
2021-03-17,CUST0042,Phone,East,Retail,7,35000,0.06,230300.0,4,0
2021-03-18,CUST0109,Laptop,North,Online,11,75000,0.2,660000.0,5,0
2021-03-19,CUST0051,Watch,West,Partner,5,15000,0.11,66750.0,3,0
2021-03-20,CUST0250,Watch,East,Online,12,15000,0.25,135000.0,4,0
2021-03-21,CUST0021,Watch,East,Retail,5,15000,0.02,73500.0,5,1
2021-03-22,CUST0300,Earbuds,North,Retail,7,5000,0.2,28000.0,4,0
2021-03-23,CUST0139,Laptop,North,Partner,9,75000,0.17,560250.0,4,0
2021-03-24,CUST0092,Earbuds,North,Retail,11,5000,0.19,44550.0,2,1
2021-03-25,CUST0280,Earbuds,South,Online,9,5000,0.08,41400.0,3,0
2021-03-26,CUST0125,Laptop,North,Retail,9,75000,0.12,594000.0,4,0
2021-03-27,CUST0111,Laptop,East,Partner,6,75000,0.2,360000.0,5,0
2021-03-28,CUST0139,Laptop,North,Retail,10,75000,0.06,705000.0,2,1
2021-03-29,CUST0273,Laptop,East,Retail,6,75000,0.06,423000.0,4,0
2021-03-30,CUST0099,Watch,West,Retail,3,15000,0.14,38700.0,4,0
2021-03-31,CUST0252,Tablet,South,Partner,1,25000,0.13,21750.0,4,0
2021-04-01,CUST0104,Tablet,West,Retail,7,25000,0.07,162750.0,4,0
2021-04-02,CUST0214,Laptop,West,Retail,4,75000,0.07,279000.0,5,0
2021-04-03,CUST0249,Tablet,East,Online,1,25000,0.07,23250.0,3,0
2021-04-04,CUST0152,Tablet,West,Partner,8,25000,0.19,162000.0,5,0
2021-04-05,CUST0250,Laptop,East,Retail,12,75000,0.16,756000.0,3,0
2021-04-06,CUST0275,Tablet,North,Partner,6,25000,0.21,118500.0,3,0
2021-04-07,CUST0165,Earbuds,North,Retail,6,5000,0.24,22800.0,3,1
2021-04-08,CUST0008,Phone,East,Retail,2,35000,0.12,61600.0,2,1
2021-04-09,CUST0284,Phone,North,Retail,1,35000,0.02,34300.0,3,1
2021-04-10,CUST0005,Laptop,South,Online,13,75000,0.01,965250.0,2,1
2021-04-11,CUST0145,Watch,West,Online,14,15000,0.07,195300.0,5,0
2021-04-12,CUST0101,Laptop,South,Online,14,75000,0.23,808500.0,2,1
2021-04-13,CUST0164,Watch,West,Partner,2,15000,0.13,26100.0,5,0
2021-04-14,CUST0147,Phone,North,Partner,4,35000,0.07,130200.0,1,1
2021-04-15,CUST0064,Laptop,South,Online,2,75000,0.1,135000.0,5,0
2021-04-16,CUST0091,Earbuds,North,Partner,1,5000,0.15,4250.0,5,0
2021-04-17,CUST0117,Tablet,West,Retail,7,25000,0.16,147000.0,1,1
2021-04-18,CUST0267,Watch,East,Retail,11,15000,0.04,158400.0,5,1
2021-04-19,CUST0173,Tablet,East,Retail,11,25000,0.24,209000.0,4,0
2021-04-20,CUST0047,Tablet,South,Online,12,25000,0.14,258000.0,5,0
2021-04-21,CUST0140,Laptop,North,Partner,8,75000,0.03,582000.0,4,1
2021-04-22,CUST0246,Tablet,North,Online,6,25000,0.22,117000.0,4,0
2021-04-23,CUST0149,Earbuds,South,Partner,4,5000,0.02,19600.0,5,1
2021-04-24,CUST0246,Tablet,East,Retail,14,25000,0.23,269500.0,4,0
2021-04-25,CUST0005,Laptop,West,Online,6,75000,0.25,337500.0,1,1
2021-04-26,CUST0184,Earbuds,South,Partner,3,5000,0.18,12300.0,5,0
2021-04-27,CUST0020,Phone,West,Partner,12,35000,0.19,340200.0,4,0
2021-04-28,CUST0046,Tablet,East,Retail,8,25000,0.08,184000.0,4,0
2021-04-29,CUST0012,Laptop,North,Online,10,75000,0.24,570000.0,1,1
2021-04-30,CUST0070,Phone,East,Online,14,35000,0.13,426300.0,4,0
2021-05-01,CUST0017,Phone,South,Online,13,35000,0.18,373100.0,5,1
2021-05-02,CUST0147,Watch,North,Retail,13,15000,0.23,150150.0,3,0
2021-05-03,CUST0154,Earbuds,South,Online,2,5000,0.24,7600.0,4,0
2021-05-04,CUST0108,Tablet,South,Retail,5,25000,0.21,98750.0,4,0
2021-05-05,CUST0236,Laptop,East,Retail,1,75000,0.08,69000.0,5,0
2021-05-06,CUST0070,Watch,South,Retail,6,15000,0.24,68400.0,4,0
2021-05-07,CUST0183,Earbuds,East,Partner,2,5000,0.16,8400.0,3,0
2021-05-08,CUST0250,Watch,North,Online,4,15000,0.23,46200.0,5,0
2021-05-09,CUST0228,Earbuds,East,Online,6,5000,0.17,24900.0,4,0
2021-05-10,CUST0102,Earbuds,North,Retail,10,5000,0.08,46000.0,2,1
2021-05-11,CUST0075,Tablet,East,Retail,11,25000,0.09,250250.0,2,1
2021-05-12,CUST0216,Earbuds,West,Online,8,5000,0.14,34400.0,4,0
2021-05-13,CUST0203,Watch,West,Retail,12,15000,0.2,144000.0,3,0
2021-05-14,CUST0192,Earbuds,South,Online,8,5000,0.08,36800.0,3,0
2021-05-15,CUST0249,Tablet,East,Partner,11,25000,0.14,236500.0,5,0
2021-05-16,CUST0242,Tablet,East,Retail,6,25000,0.09,136500.0,2,1
2021-05-17,CUST0179,Watch,North,Online,4,15000,0.2,48000.0,5,0
2021-05-18,CUST0219,Phone,South,Retail,8,35000,0.12,246400.0,3,0
2021-05-19,CUST0082,Phone,East,Online,13,35000,0.02,445900.0,5,1
2021-05-20,CUST0092,Earbuds,South,Online,8,5000,0.04,38400.0,5,1
2021-05-21,CUST0175,Laptop,West,Retail,10,75000,0.02,735000.0,1,1
2021-05-22,CUST0239,Earbuds,East,Partner,14,5000,0.12,61600.0,4,0
2021-05-23,CUST0260,Watch,East,Online,1,15000,0.03,14550.0,2,1
2021-05-24,CUST0163,Watch,South,Online,4,15000,0.03,58200.0,5,1
2021-05-25,CUST0048,Watch,East,Online,4,15000,0.24,45600.0,5,0
2021-05-26,CUST0116,Watch,South,Partner,7,15000,0.22,81900.0,4,0
2021-05-27,CUST0225,Watch,East,Partner,14,15000,0.11,186900.0,4,0
2021-05-28,CUST0147,Tablet,North,Retail,14,25000,0.25,262500.0,3,0
2021-05-29,CUST0063,Phone,South,Partner,11,35000,0.0,385000.0,5,1
2021-05-30,CUST0294,Watch,East,Retail,7,15000,0.15,89250.0,4,0
2021-05-31,CUST0013,Laptop,West,Retail,13,75000,0.15,828750.0,3,0
2021-06-01,CUST0189,Laptop,East,Partner,11,75000,0.11,734250.0,4,1
2021-06-02,CUST0287,Laptop,West,Retail,8,75000,0.1,540000.0,2,1
2021-06-03,CUST0208,Laptop,West,Partner,11,75000,0.11,734250.0,5,0
2021-06-04,CUST0114,Tablet,North,Retail,5,25000,0.1,112500.0,1,1
2021-06-05,CUST0022,Laptop,South,Partner,7,75000,0.18,430500.0,4,0
2021-06-06,CUST0214,Watch,East,Partner,8,15000,0.03,116400.0,3,1
2021-06-07,CUST0171,Earbuds,North,Retail,9,5000,0.05,42750.0,3,0
2021-06-08,CUST0054,Laptop,East,Online,3,75000,0.05,213750.0,4,1
2021-06-09,CUST0298,Tablet,West,Retail,3,25000,0.07,69750.0,5,0
2021-06-10,CUST0126,Tablet,South,Partner,4,25000,0.13,87000.0,5,0
2021-06-11,CUST0277,Laptop,East,Online,5,75000,0.03,363750.0,3,1
2021-06-12,CUST0204,Earbuds,East,Retail,10,5000,0.22,39000.0,3,0
2021-06-13,CUST0194,Laptop,West,Retail,1,75000,0.07,69750.0,5,0
2021-06-14,CUST0169,Tablet,East,Retail,7,25000,0.04,168000.0,4,1
2021-06-15,CUST0152,Phone,East,Online,9,35000,0.17,261450.0,2,1
2021-06-16,CUST0035,Watch,West,Partner,8,15000,0.01,118800.0,5,1
2021-06-17,CUST0184,Tablet,North,Retail,5,25000,0.15,106250.0,5,0
2021-06-18,CUST0286,Laptop,West,Retail,14,75000,0.17,871500.0,5,1
2021-06-19,CUST0057,Watch,North,Retail,14,15000,0.05,199500.0,5,0
2021-06-20,CUST0222,Laptop,South,Retail,4,75000,0.01,297000.0,5,1
2021-06-21,CUST0163,Laptop,North,Retail,12,75000,0.09,819000.0,2,1
2021-06-22,CUST0019,Phone,North,Partner,7,35000,0.02,240100.0,2,1
2021-06-23,CUST0264,Watch,South,Partner,5,15000,0.03,72750.0,4,1
2021-06-24,CUST0282,Watch,North,Retail,7,15000,0.06,98700.0,4,0
2021-06-25,CUST0113,Phone,West,Online,12,35000,0.07,390600.0,4,0
2021-06-26,CUST0030,Tablet,North,Partner,1,25000,0.13,21750.0,4,0
2021-06-27,CUST0135,Laptop,South,Online,1,75000,0.17,62250.0,4,0
2021-06-28,CUST0067,Earbuds,West,Partner,10,5000,0.15,42500.0,4,0
2021-06-29,CUST0065,Laptop,South,Retail,14,75000,0.04,1008000.0,1,1
2021-06-30,CUST0292,Laptop,South,Partner,13,75000,0.04,936000.0,3,1
2021-07-01,CUST0025,Tablet,East,Retail,3,25000,0.22,58500.0,4,0
2021-07-02,CUST0037,Laptop,East,Partner,14,75000,0.14,903000.0,5,0
2021-07-03,CUST0001,Phone,South,Retail,11,35000,0.22,300300.0,3,0
2021-07-04,CUST0037,Phone,South,Retail,2,35000,0.09,63700.0,4,0
2021-07-05,CUST0141,Watch,South,Retail,2,15000,0.15,25500.0,5,0
2021-07-06,CUST0232,Earbuds,East,Retail,7,5000,0.13,30450.0,4,1
2021-07-07,CUST0136,Laptop,East,Online,12,75000,0.08,828000.0,1,1
2021-07-08,CUST0188,Laptop,North,Retail,10,75000,0.12,660000.0,4,0
2021-07-09,CUST0128,Tablet,North,Online,2,25000,0.13,43500.0,3,0
2021-07-10,CUST0201,Phone,South,Online,11,35000,0.05,365750.0,5,0
2021-07-11,CUST0127,Earbuds,West,Retail,4,5000,0.08,18400.0,2,1
2021-07-12,CUST0257,Watch,West,Online,2,15000,0.2,24000.0,4,0
2021-07-13,CUST0164,Phone,East,Partner,6,35000,0.23,161700.0,2,1
2021-07-14,CUST0035,Watch,East,Retail,8,15000,0.09,109200.0,4,0
2021-07-15,CUST0194,Tablet,East,Online,10,25000,0.08,230000.0,4,0
2021-07-16,CUST0191,Tablet,South,Retail,4,25000,0.05,95000.0,3,0
2021-07-17,CUST0104,Laptop,West,Retail,5,75000,0.17,311250.0,4,0
2021-07-18,CUST0023,Earbuds,North,Retail,4,5000,0.08,18400.0,3,0
2021-07-19,CUST0265,Watch,South,Online,3,15000,0.25,33750.0,3,0
2021-07-20,CUST0290,Phone,North,Partner,5,35000,0.08,161000.0,4,1
2021-07-21,CUST0260,Tablet,North,Partner,14,25000,0.1,315000.0,3,0
2021-07-22,CUST0075,Laptop,South,Online,9,75000,0.15,573750.0,5,0
2021-07-23,CUST0072,Laptop,North,Retail,8,75000,0.2,480000.0,4,0
2021-07-24,CUST0259,Watch,West,Online,8,15000,0.12,105600.0,4,0
2021-07-25,CUST0188,Tablet,North,Online,8,25000,0.11,178000.0,1,1
2021-07-26,CUST0173,Earbuds,West,Online,12,5000,0.25,45000.0,4,0
2021-07-27,CUST0290,Tablet,West,Retail,8,25000,0.0,200000.0,5,1
2021-07-28,CUST0045,Watch,West,Online,7,15000,0.22,81900.0,3,0
2021-07-29,CUST0061,Watch,East,Retail,8,15000,0.04,115200.0,5,1
2021-07-30,CUST0083,Tablet,North,Online,11,25000,0.2,220000.0,3,0
2021-07-31,CUST0123,Watch,South,Partner,14,15000,0.15,178500.0,5,0
2021-08-01,CUST0016,Tablet,South,Online,8,25000,0.09,182000.0,2,1
2021-08-02,CUST0066,Phone,North,Online,13,35000,0.22,354900.0,5,0
2021-08-03,CUST0145,Tablet,East,Partner,14,25000,0.0,350000.0,4,1
2021-08-04,CUST0162,Tablet,East,Retail,8,25000,0.06,188000.0,3,0
2021-08-05,CUST0234,Watch,West,Retail,12,15000,0.14,154800.0,3,1
2021-08-06,CUST0144,Watch,North,Online,10,15000,0.09,136500.0,4,1
2021-08-07,CUST0188,Laptop,North,Partner,7,75000,0.15,446250.0,5,0
2021-08-08,CUST0013,Laptop,South,Retail,12,75000,0.01,891000.0,3,1
2021-08-09,CUST0184,Phone,North,Online,1,35000,0.03,33950.0,2,1
2021-08-10,CUST0111,Laptop,East,Partner,4,75000,0.03,291000.0,4,1
2021-08-11,CUST0290,Tablet,North,Retail,13,25000,0.05,308750.0,4,0
2021-08-12,CUST0295,Watch,South,Retail,13,15000,0.11,173550.0,4,0
2021-08-13,CUST0215,Laptop,West,Partner,4,75000,0.19,243000.0,4,0
2021-08-14,CUST0120,Laptop,South,Partner,5,75000,0.23,288750.0,3,0
2021-08-15,CUST0055,Phone,South,Partner,10,35000,0.21,276500.0,5,0
2021-08-16,CUST0027,Phone,West,Partner,6,35000,0.05,199500.0,4,0
2021-08-17,CUST0118,Tablet,South,Online,4,25000,0.11,89000.0,2,1
2021-08-18,CUST0221,Watch,South,Partner,2,15000,0.05,28500.0,5,0
2021-08-19,CUST0231,Phone,North,Retail,6,35000,0.07,195300.0,4,0
2021-08-20,CUST0053,Laptop,North,Retail,8,75000,0.13,522000.0,3,0
2021-08-21,CUST0295,Watch,West,Online,8,15000,0.02,117600.0,4,1
2021-08-22,CUST0233,Watch,North,Retail,7,15000,0.05,99750.0,3,0
2021-08-23,CUST0158,Laptop,North,Retail,6,75000,0.23,346500.0,4,0
2021-08-24,CUST0269,Phone,South,Partner,2,35000,0.12,61600.0,5,0
2021-08-25,CUST0021,Laptop,East,Retail,7,75000,0.11,467250.0,2,1
2021-08-26,CUST0053,Watch,North,Online,11,15000,0.0,165000.0,4,1
2021-08-27,CUST0275,Earbuds,East,Partner,12,5000,0.06,56400.0,5,0
2021-08-28,CUST0281,Earbuds,North,Partner,14,5000,0.22,54600.0,5,0
2021-08-29,CUST0214,Tablet,North,Online,14,25000,0.04,336000.0,4,1
2021-08-30,CUST0031,Laptop,West,Partner,5,75000,0.1,337500.0,4,0
2021-08-31,CUST0183,Laptop,West,Partner,6,75000,0.0,450000.0,4,1
2021-09-01,CUST0023,Tablet,West,Online,10,25000,0.12,220000.0,5,0
2021-09-02,CUST0032,Tablet,East,Partner,8,25000,0.01,198000.0,5,1
2021-09-03,CUST0074,Tablet,South,Online,14,25000,0.2,280000.0,3,1
2021-09-04,CUST0010,Watch,North,Online,8,15000,0.21,94800.0,4,0
2021-09-05,CUST0054,Laptop,North,Retail,3,75000,0.2,180000.0,4,0
2021-09-06,CUST0052,Watch,North,Retail,12,15000,0.07,167400.0,5,1
2021-09-07,CUST0148,Tablet,East,Partner,12,25000,0.21,237000.0,4,0
2021-09-08,CUST0160,Laptop,West,Partner,14,75000,0.14,903000.0,4,0
2021-09-09,CUST0014,Watch,South,Online,7,15000,0.09,95550.0,5,0
2021-09-10,CUST0178,Watch,East,Partner,1,15000,0.16,12600.0,2,1
2021-09-11,CUST0053,Tablet,West,Online,1,25000,0.0,25000.0,3,1
2021-09-12,CUST0022,Laptop,East,Online,7,75000,0.04,504000.0,4,1
2021-09-13,CUST0030,Tablet,South,Partner,10,25000,0.19,202500.0,3,0
2021-09-14,CUST0191,Laptop,West,Online,9,75000,0.06,634500.0,1,1
2021-09-15,CUST0260,Earbuds,East,Retail,7,5000,0.15,29750.0,2,1
2021-09-16,CUST0205,Phone,South,Partner,10,35000,0.1,315000.0,4,1
2021-09-17,CUST0059,Phone,North,Retail,5,35000,0.21,138250.0,5,0
2021-09-18,CUST0264,Phone,South,Partner,8,35000,0.24,212800.0,4,0
2021-09-19,CUST0012,Tablet,North,Online,2,25000,0.22,39000.0,4,0
2021-09-20,CUST0119,Earbuds,East,Partner,9,5000,0.07,41850.0,3,1
2021-09-21,CUST0290,Laptop,West,Retail,6,75000,0.05,427500.0,5,0
2021-09-22,CUST0248,Watch,West,Online,13,15000,0.12,171600.0,5,0
2021-09-23,CUST0127,Laptop,East,Partner,9,75000,0.0,675000.0,4,1
2021-09-24,CUST0075,Watch,West,Partner,2,15000,0.01,29700.0,3,1
2021-09-25,CUST0204,Laptop,West,Partner,3,75000,0.14,193500.0,2,1
2021-09-26,CUST0049,Earbuds,North,Retail,12,5000,0.13,52200.0,2,1
2021-09-27,CUST0079,Watch,East,Retail,8,15000,0.25,90000.0,4,0
2021-09-28,CUST0241,Tablet,South,Partner,1,25000,0.05,23750.0,5,0
2021-09-29,CUST0154,Laptop,North,Online,10,75000,0.06,705000.0,5,0
2021-09-30,CUST0274,Laptop,East,Online,7,75000,0.03,509250.0,4,1
2021-10-01,CUST0096,Watch,North,Retail,7,15000,0.23,80850.0,5,0
2021-10-02,CUST0214,Tablet,South,Online,13,25000,0.19,263250.0,5,0
2021-10-03,CUST0294,Tablet,South,Retail,1,25000,0.21,19750.0,3,0
2021-10-04,CUST0209,Earbuds,East,Partner,9,5000,0.23,34650.0,4,0
2021-10-05,CUST0088,Tablet,South,Retail,8,25000,0.13,174000.0,5,0
2021-10-06,CUST0264,Tablet,North,Retail,4,25000,0.11,89000.0,3,1
2021-10-07,CUST0157,Tablet,South,Partner,10,25000,0.08,230000.0,5,0
2021-10-08,CUST0156,Phone,North,Online,11,35000,0.15,327250.0,5,0
2021-10-09,CUST0139,Earbuds,North,Retail,5,5000,0.11,22250.0,4,0
2021-10-10,CUST0121,Laptop,South,Retail,2,75000,0.11,133500.0,5,0
2021-10-11,CUST0065,Watch,East,Partner,13,15000,0.23,150150.0,5,0
2021-10-12,CUST0107,Laptop,West,Online,9,75000,0.25,506250.0,4,0
2021-10-13,CUST0147,Earbuds,South,Retail,12,5000,0.2,48000.0,3,1
2021-10-14,CUST0137,Watch,North,Partner,12,15000,0.19,145800.0,2,1
2021-10-15,CUST0162,Earbuds,North,Retail,6,5000,0.17,24900.0,3,0
2021-10-16,CUST0100,Tablet,South,Partner,3,25000,0.04,72000.0,4,1
2021-10-17,CUST0141,Watch,East,Online,12,15000,0.01,178200.0,2,1
2021-10-18,CUST0083,Tablet,East,Online,7,25000,0.17,145250.0,1,1
2021-10-19,CUST0177,Laptop,North,Online,9,75000,0.18,553500.0,2,1
2021-10-20,CUST0198,Laptop,North,Online,3,75000,0.01,222750.0,5,1
2021-10-21,CUST0112,Watch,East,Retail,2,15000,0.23,23100.0,5,0
2021-10-22,CUST0056,Watch,West,Retail,7,15000,0.02,102900.0,5,1
2021-10-23,CUST0179,Earbuds,South,Online,7,5000,0.07,32550.0,4,0
2021-10-24,CUST0186,Earbuds,North,Online,4,5000,0.17,16600.0,5,1
2021-10-25,CUST0218,Tablet,North,Online,11,25000,0.04,264000.0,5,1
2021-10-26,CUST0217,Watch,East,Retail,9,15000,0.01,133650.0,4,1
2021-10-27,CUST0120,Laptop,South,Online,14,75000,0.08,966000.0,4,0
2021-10-28,CUST0175,Earbuds,East,Online,8,5000,0.19,32400.0,2,1
2021-10-29,CUST0023,Earbuds,South,Online,13,5000,0.1,58500.0,5,1
2021-10-30,CUST0213,Laptop,South,Partner,13,75000,0.16,819000.0,4,0
2021-10-31,CUST0235,Earbuds,South,Online,1,5000,0.14,4300.0,4,0
2021-11-01,CUST0013,Tablet,North,Partner,1,25000,0.01,24750.0,4,1
2021-11-02,CUST0101,Watch,West,Partner,5,15000,0.25,56250.0,3,0
2021-11-03,CUST0024,Laptop,East,Online,6,75000,0.01,445500.0,3,1
2021-11-04,CUST0011,Watch,West,Partner,3,15000,0.24,34200.0,4,0
2021-11-05,CUST0273,Earbuds,East,Online,13,5000,0.14,55900.0,1,1
2021-11-06,CUST0281,Earbuds,South,Retail,9,5000,0.24,34200.0,5,0
2021-11-07,CUST0094,Laptop,North,Retail,12,75000,0.03,873000.0,4,1
2021-11-08,CUST0201,Tablet,West,Retail,10,25000,0.12,220000.0,4,1
2021-11-09,CUST0021,Phone,North,Retail,14,35000,0.04,470400.0,4,1
2021-11-10,CUST0211,Laptop,East,Partner,6,75000,0.01,445500.0,4,1
2021-11-11,CUST0140,Phone,North,Online,4,35000,0.15,119000.0,4,0
2021-11-12,CUST0293,Phone,North,Online,12,35000,0.05,399000.0,4,0
2021-11-13,CUST0298,Tablet,West,Online,7,25000,0.15,148750.0,5,0
2021-11-14,CUST0101,Phone,South,Retail,8,35000,0.03,271600.0,5,1
2021-11-15,CUST0028,Phone,North,Retail,9,35000,0.08,289800.0,5,0
2021-11-16,CUST0041,Tablet,South,Online,13,25000,0.2,260000.0,3,0
2021-11-17,CUST0146,Phone,East,Retail,11,35000,0.11,342650.0,4,0
2021-11-18,CUST0256,Phone,North,Online,6,35000,0.16,176400.0,5,0
2021-11-19,CUST0227,Phone,West,Online,6,35000,0.16,176400.0,4,1
2021-11-20,CUST0236,Laptop,East,Online,8,75000,0.21,474000.0,2,1
2021-11-21,CUST0013,Laptop,East,Online,12,75000,0.08,828000.0,4,0
2021-11-22,CUST0210,Laptop,West,Online,5,75000,0.17,311250.0,2,1
2021-11-23,CUST0229,Tablet,North,Online,14,25000,0.24,266000.0,3,0
2021-11-24,CUST0100,Earbuds,North,Online,3,5000,0.18,12300.0,5,0
2021-11-25,CUST0031,Phone,East,Retail,12,35000,0.12,369600.0,4,0
2021-11-26,CUST0016,Phone,North,Online,3,35000,0.16,88200.0,3,0
2021-11-27,CUST0137,Tablet,South,Online,13,25000,0.18,266500.0,5,0
2021-11-28,CUST0166,Phone,West,Retail,6,35000,0.15,178500.0,5,0
2021-11-29,CUST0100,Laptop,South,Retail,2,75000,0.0,150000.0,4,1
2021-11-30,CUST0109,Earbuds,North,Retail,6,5000,0.05,28500.0,3,0
2021-12-01,CUST0173,Watch,East,Online,13,15000,0.2,156000.0,5,0
2021-12-02,CUST0237,Phone,West,Partner,6,35000,0.07,195300.0,5,0
2021-12-03,CUST0162,Laptop,North,Partner,8,75000,0.18,492000.0,4,0
2021-12-04,CUST0216,Watch,North,Retail,7,15000,0.09,95550.0,5,0
2021-12-05,CUST0264,Earbuds,East,Partner,8,5000,0.13,34800.0,4,0
2021-12-06,CUST0263,Watch,East,Retail,14,15000,0.02,205800.0,3,1
2021-12-07,CUST0292,Laptop,South,Online,9,75000,0.05,641250.0,4,1
2021-12-08,CUST0274,Watch,West,Partner,6,15000,0.24,68400.0,3,0
2021-12-09,CUST0003,Tablet,West,Online,14,25000,0.22,273000.0,5,0
2021-12-10,CUST0028,Watch,East,Partner,3,15000,0.16,37800.0,4,0
2021-12-11,CUST0149,Phone,South,Online,10,35000,0.11,311500.0,2,1
2021-12-12,CUST0028,Phone,West,Partner,3,35000,0.17,87150.0,4,0
2021-12-13,CUST0065,Tablet,East,Online,11,25000,0.15,233750.0,3,0
2021-12-14,CUST0021,Laptop,North,Online,12,75000,0.14,774000.0,3,0
2021-12-15,CUST0252,Phone,West,Partner,1,35000,0.01,34650.0,4,1
2021-12-16,CUST0235,Earbuds,South,Online,11,5000,0.16,46200.0,3,0
2021-12-17,CUST0227,Phone,South,Online,13,35000,0.19,368550.0,5,0
2021-12-18,CUST0013,Phone,South,Online,5,35000,0.25,131250.0,2,1
2021-12-19,CUST0049,Laptop,North,Partner,14,75000,0.0,1050000.0,4,1
2021-12-20,CUST0118,Watch,West,Partner,4,15000,0.18,49200.0,5,0
2021-12-21,CUST0054,Phone,West,Online,9,35000,0.14,270900.0,4,0
2021-12-22,CUST0138,Tablet,North,Online,9,25000,0.11,200250.0,4,0
2021-12-23,CUST0053,Watch,West,Partner,14,15000,0.03,203700.0,5,1
2021-12-24,CUST0044,Earbuds,North,Partner,5,5000,0.1,22500.0,3,0
2021-12-25,CUST0053,Laptop,North,Online,10,75000,0.09,682500.0,1,1
2021-12-26,CUST0074,Earbuds,North,Online,4,5000,0.08,18400.0,4,0
2021-12-27,CUST0046,Watch,South,Online,7,15000,0.18,86100.0,1,1
2021-12-28,CUST0013,Watch,West,Retail,6,15000,0.18,73800.0,5,0
2021-12-29,CUST0165,Watch,North,Partner,4,15000,0.15,51000.0,3,0
2021-12-30,CUST0102,Earbuds,West,Retail,13,5000,0.23,50050.0,5,0
2021-12-31,CUST0280,Watch,South,Partner,13,15000,0.09,177450.0,5,0
2022-01-01,CUST0258,Earbuds,North,Partner,10,5000,0.06,47000.0,3,1
2022-01-02,CUST0138,Watch,East,Partner,2,15000,0.16,25200.0,4,1
2022-01-03,CUST0163,Tablet,South,Partner,1,25000,0.05,23750.0,1,1
2022-01-04,CUST0111,Watch,East,Partner,4,15000,0.08,55200.0,4,0
2022-01-05,CUST0102,Earbuds,West,Partner,4,5000,0.06,18800.0,1,1
2022-01-06,CUST0017,Phone,West,Partner,13,35000,0.02,445900.0,5,1
2022-01-07,CUST0268,Watch,South,Retail,1,15000,0.21,11850.0,5,0
2022-01-08,CUST0182,Phone,West,Online,6,35000,0.06,197400.0,3,1
2022-01-09,CUST0024,Tablet,East,Online,4,25000,0.12,88000.0,3,0
2022-01-10,CUST0029,Laptop,North,Retail,1,75000,0.01,74250.0,5,1
2022-01-11,CUST0171,Tablet,North,Retail,1,25000,0.17,20750.0,3,0
2022-01-12,CUST0228,Watch,North,Retail,13,15000,0.08,179400.0,5,0
2022-01-13,CUST0188,Phone,South,Retail,1,35000,0.19,28350.0,4,0
2022-01-14,CUST0230,Phone,West,Partner,8,35000,0.1,252000.0,4,0
2022-01-15,CUST0119,Earbuds,East,Online,10,5000,0.05,47500.0,5,0
2022-01-16,CUST0156,Phone,West,Partner,8,35000,0.13,243600.0,4,0
2022-01-17,CUST0272,Earbuds,West,Online,2,5000,0.03,9700.0,5,1
2022-01-18,CUST0175,Laptop,West,Online,11,75000,0.11,734250.0,5,1
2022-01-19,CUST0104,Watch,North,Retail,13,15000,0.08,179400.0,3,0
2022-01-20,CUST0092,Earbuds,East,Partner,7,5000,0.23,26950.0,1,1
2022-01-21,CUST0186,Laptop,East,Retail,14,75000,0.02,1029000.0,5,1
2022-01-22,CUST0283,Phone,West,Partner,8,35000,0.17,232400.0,5,0
2022-01-23,CUST0181,Phone,North,Online,8,35000,0.05,266000.0,2,1
2022-01-24,CUST0170,Laptop,North,Retail,11,75000,0.08,759000.0,5,0
2022-01-25,CUST0187,Phone,East,Retail,10,35000,0.1,315000.0,4,0
2022-01-26,CUST0175,Laptop,North,Online,11,75000,0.23,635250.0,3,0
2022-01-27,CUST0222,Earbuds,North,Online,13,5000,0.06,61100.0,5,0
2022-01-28,CUST0233,Earbuds,North,Online,7,5000,0.02,34300.0,3,1
2022-01-29,CUST0162,Laptop,South,Retail,5,75000,0.08,345000.0,5,0
2022-01-30,CUST0134,Earbuds,West,Partner,1,5000,0.03,4850.0,3,1
2022-01-31,CUST0224,Earbuds,East,Retail,12,5000,0.03,58200.0,4,1
2022-02-01,CUST0153,Earbuds,East,Partner,9,5000,0.14,38700.0,3,1
2022-02-02,CUST0033,Tablet,South,Retail,13,25000,0.02,318500.0,4,1
2022-02-03,CUST0055,Watch,West,Retail,7,15000,0.01,103950.0,4,1
2022-02-04,CUST0007,Phone,East,Online,2,35000,0.18,57400.0,3,0
2022-02-05,CUST0244,Tablet,North,Partner,6,25000,0.09,136500.0,4,0
2022-02-06,CUST0126,Earbuds,East,Retail,2,5000,0.03,9700.0,4,1
2022-02-07,CUST0012,Laptop,North,Retail,1,75000,0.06,70500.0,2,1
2022-02-08,CUST0016,Earbuds,South,Online,14,5000,0.16,58800.0,5,0
2022-02-09,CUST0208,Watch,North,Online,7,15000,0.07,97650.0,3,1
2022-02-10,CUST0043,Earbuds,East,Partner,13,5000,0.12,57200.0,4,0
2022-02-11,CUST0135,Laptop,East,Retail,2,75000,0.03,145500.0,4,1
2022-02-12,CUST0228,Watch,East,Partner,13,15000,0.15,165750.0,4,0
2022-02-13,CUST0111,Earbuds,South,Retail,14,5000,0.08,64400.0,2,1
2022-02-14,CUST0160,Watch,South,Partner,14,15000,0.16,176400.0,4,0
2022-02-15,CUST0264,Phone,West,Online,2,35000,0.2,56000.0,4,0
2022-02-16,CUST0225,Phone,East,Retail,13,35000,0.15,386750.0,5,0
2022-02-17,CUST0217,Earbuds,North,Partner,11,5000,0.07,51150.0,5,0
2022-02-18,CUST0045,Watch,South,Online,5,15000,0.06,70500.0,4,0
2022-02-19,CUST0214,Laptop,East,Online,14,75000,0.08,966000.0,2,1
2022-02-20,CUST0059,Earbuds,East,Partner,5,5000,0.04,24000.0,3,1
2022-02-21,CUST0132,Phone,South,Retail,7,35000,0.05,232750.0,3,0
2022-02-22,CUST0104,Phone,West,Retail,1,35000,0.2,28000.0,2,1
2022-02-23,CUST0195,Earbuds,South,Online,8,5000,0.1,36000.0,4,0
2022-02-24,CUST0157,Watch,South,Retail,3,15000,0.11,40050.0,3,1
2022-02-25,CUST0098,Phone,North,Retail,4,35000,0.15,119000.0,3,0
2022-02-26,CUST0226,Watch,North,Retail,9,15000,0.15,114750.0,2,1
2022-02-27,CUST0205,Phone,West,Online,4,35000,0.02,137200.0,1,1
2022-02-28,CUST0079,Phone,East,Partner,10,35000,0.21,276500.0,2,1
2022-03-01,CUST0124,Tablet,South,Retail,12,25000,0.04,288000.0,3,1
2022-03-02,CUST0218,Phone,West,Online,5,35000,0.18,143500.0,4,0
2022-03-03,CUST0004,Laptop,North,Online,7,75000,0.19,425250.0,4,0
2022-03-04,CUST0090,Earbuds,South,Partner,4,5000,0.18,16400.0,2,1
2022-03-05,CUST0104,Earbuds,East,Retail,14,5000,0.14,60200.0,4,1
2022-03-06,CUST0119,Watch,North,Retail,1,15000,0.0,15000.0,3,1
2022-03-07,CUST0133,Phone,North,Partner,9,35000,0.09,286650.0,3,0
2022-03-08,CUST0096,Laptop,North,Partner,4,75000,0.15,255000.0,1,1
2022-03-09,CUST0143,Watch,West,Online,9,15000,0.1,121500.0,4,0
2022-03-10,CUST0288,Tablet,East,Online,6,25000,0.22,117000.0,4,0
2022-03-11,CUST0028,Watch,South,Partner,1,15000,0.08,13800.0,3,0
2022-03-12,CUST0278,Watch,West,Retail,12,15000,0.07,167400.0,2,1
2022-03-13,CUST0233,Phone,West,Online,3,35000,0.07,97650.0,5,0
2022-03-14,CUST0017,Tablet,West,Online,11,25000,0.08,253000.0,3,0
2022-03-15,CUST0059,Watch,North,Retail,2,15000,0.14,25800.0,3,1
2022-03-16,CUST0090,Laptop,East,Online,9,75000,0.18,553500.0,5,0
2022-03-17,CUST0199,Laptop,West,Retail,12,75000,0.17,747000.0,5,0
2022-03-18,CUST0026,Earbuds,South,Retail,1,5000,0.2,4000.0,4,0
2022-03-19,CUST0025,Tablet,East,Retail,13,25000,0.22,253500.0,4,0
2022-03-20,CUST0267,Tablet,South,Partner,14,25000,0.2,280000.0,3,0
2022-03-21,CUST0181,Earbuds,East,Partner,9,5000,0.0,45000.0,2,1
2022-03-22,CUST0068,Watch,South,Partner,9,15000,0.18,110700.0,4,0
2022-03-23,CUST0049,Tablet,North,Retail,8,25000,0.05,190000.0,2,1
2022-03-24,CUST0175,Laptop,West,Retail,8,75000,0.03,582000.0,4,1
2022-03-25,CUST0052,Laptop,South,Partner,11,75000,0.16,693000.0,5,0
2022-03-26,CUST0102,Phone,East,Online,14,35000,0.08,450800.0,5,0
2022-03-27,CUST0216,Tablet,West,Retail,12,25000,0.01,297000.0,3,1
2022-03-28,CUST0188,Watch,West,Online,1,15000,0.03,14550.0,4,1
2022-03-29,CUST0057,Earbuds,East,Online,11,5000,0.0,55000.0,4,1
2022-03-30,CUST0047,Earbuds,South,Retail,8,5000,0.23,30800.0,5,0
2022-03-31,CUST0159,Watch,North,Retail,10,15000,0.01,148500.0,3,1
2022-04-01,CUST0174,Phone,North,Online,14,35000,0.05,465500.0,1,1
2022-04-02,CUST0242,Earbuds,South,Online,3,5000,0.1,13500.0,3,1
2022-04-03,CUST0282,Tablet,West,Partner,11,25000,0.09,250250.0,3,0
2022-04-04,CUST0241,Phone,West,Partner,7,35000,0.23,188650.0,3,0
2022-04-05,CUST0005,Tablet,West,Retail,11,25000,0.01,272250.0,5,1
2022-04-06,CUST0084,Laptop,West,Partner,1,75000,0.13,65250.0,4,0
2022-04-07,CUST0248,Phone,South,Partner,1,35000,0.17,29050.0,3,0
2022-04-08,CUST0054,Earbuds,West,Partner,10,5000,0.23,38500.0,4,0
2022-04-09,CUST0161,Phone,East,Partner,13,35000,0.16,382200.0,2,1
2022-04-10,CUST0226,Phone,West,Online,5,35000,0.2,140000.0,5,0
2022-04-11,CUST0015,Phone,North,Retail,5,35000,0.02,171500.0,5,1
2022-04-12,CUST0224,Phone,West,Partner,8,35000,0.1,252000.0,5,0
2022-04-13,CUST0061,Tablet,South,Online,7,25000,0.09,159250.0,5,0
2022-04-14,CUST0122,Laptop,North,Online,8,75000,0.22,468000.0,3,0
2022-04-15,CUST0277,Watch,South,Online,6,15000,0.04,86400.0,1,1
2022-04-16,CUST0046,Phone,South,Partner,6,35000,0.04,201600.0,4,1
2022-04-17,CUST0294,Earbuds,North,Partner,2,5000,0.08,9200.0,5,0
2022-04-18,CUST0062,Phone,South,Retail,6,35000,0.01,207900.0,3,1
2022-04-19,CUST0086,Earbuds,South,Partner,5,5000,0.05,23750.0,1,1
2022-04-20,CUST0210,Tablet,West,Partner,13,25000,0.24,247000.0,5,0
2022-04-21,CUST0078,Earbuds,East,Online,3,5000,0.11,13350.0,2,1
2022-04-22,CUST0202,Watch,South,Retail,6,15000,0.16,75600.0,4,0
2022-04-23,CUST0223,Laptop,South,Partner,8,75000,0.18,492000.0,4,0
2022-04-24,CUST0222,Earbuds,South,Partner,9,5000,0.09,40950.0,3,0
2022-04-25,CUST0003,Earbuds,West,Online,1,5000,0.04,4800.0,2,1
2022-04-26,CUST0006,Laptop,East,Online,3,75000,0.05,213750.0,5,0
2022-04-27,CUST0093,Watch,North,Partner,3,15000,0.08,41400.0,4,0
2022-04-28,CUST0008,Phone,West,Retail,11,35000,0.16,323400.0,5,0
2022-04-29,CUST0235,Earbuds,West,Retail,8,5000,0.1,36000.0,3,0
2022-04-30,CUST0108,Laptop,East,Online,1,75000,0.0,75000.0,2,1
2022-05-01,CUST0161,Tablet,East,Online,5,25000,0.13,108750.0,5,0
2022-05-02,CUST0209,Laptop,West,Partner,3,75000,0.23,173250.0,4,0
2022-05-03,CUST0240,Tablet,North,Online,2,25000,0.2,40000.0,3,0
2022-05-04,CUST0050,Watch,West,Partner,8,15000,0.21,94800.0,5,0
2022-05-05,CUST0011,Phone,East,Retail,3,35000,0.2,84000.0,3,0
2022-05-06,CUST0156,Laptop,North,Retail,7,75000,0.08,483000.0,3,0
2022-05-07,CUST0070,Earbuds,East,Partner,12,5000,0.19,48600.0,2,1
2022-05-08,CUST0169,Watch,North,Online,11,15000,0.04,158400.0,4,1
2022-05-09,CUST0272,Laptop,South,Retail,1,75000,0.16,63000.0,4,1
2022-05-10,CUST0068,Earbuds,East,Online,6,5000,0.16,25200.0,4,0
2022-05-11,CUST0252,Laptop,East,Retail,3,75000,0.01,222750.0,5,1
2022-05-12,CUST0048,Tablet,West,Partner,8,25000,0.2,160000.0,5,1
2022-05-13,CUST0184,Laptop,East,Partner,6,75000,0.23,346500.0,2,1
2022-05-14,CUST0187,Laptop,East,Partner,12,75000,0.07,837000.0,2,1
2022-05-15,CUST0090,Laptop,South,Retail,2,75000,0.2,120000.0,1,1
2022-05-16,CUST0139,Watch,East,Online,6,15000,0.02,88200.0,2,1
2022-05-17,CUST0089,Laptop,South,Online,7,75000,0.15,446250.0,4,1
2022-05-18,CUST0274,Earbuds,South,Online,5,5000,0.12,22000.0,5,0
2022-05-19,CUST0019,Tablet,South,Retail,3,25000,0.14,64500.0,5,1
2022-05-20,CUST0154,Tablet,South,Retail,4,25000,0.23,77000.0,3,0
2022-05-21,CUST0260,Laptop,North,Retail,4,75000,0.22,234000.0,3,0
2022-05-22,CUST0108,Watch,West,Retail,6,15000,0.2,72000.0,4,0
2022-05-23,CUST0285,Watch,North,Retail,10,15000,0.07,139500.0,2,1
2022-05-24,CUST0059,Earbuds,East,Online,1,5000,0.23,3850.0,4,0
2022-05-25,CUST0125,Laptop,North,Retail,11,75000,0.02,808500.0,5,1
2022-05-26,CUST0273,Tablet,North,Retail,4,25000,0.21,79000.0,4,0
2022-05-27,CUST0107,Watch,East,Online,10,15000,0.08,138000.0,5,1
2022-05-28,CUST0299,Laptop,East,Retail,13,75000,0.01,965250.0,4,1
2022-05-29,CUST0245,Watch,East,Online,4,15000,0.17,49800.0,2,1
2022-05-30,CUST0247,Watch,North,Online,10,15000,0.06,141000.0,4,1
2022-05-31,CUST0008,Tablet,North,Partner,1,25000,0.06,23500.0,3,1
2022-06-01,CUST0141,Phone,East,Partner,9,35000,0.08,289800.0,1,1
2022-06-02,CUST0008,Earbuds,West,Partner,4,5000,0.02,19600.0,4,1
2022-06-03,CUST0094,Earbuds,West,Partner,7,5000,0.04,33600.0,5,1
2022-06-04,CUST0039,Tablet,South,Retail,12,25000,0.0,300000.0,3,1
2022-06-05,CUST0081,Watch,East,Partner,14,15000,0.11,186900.0,4,0
2022-06-06,CUST0187,Laptop,South,Online,3,75000,0.02,220500.0,5,1
2022-06-07,CUST0084,Watch,West,Retail,10,15000,0.17,124500.0,5,0
2022-06-08,CUST0088,Tablet,South,Partner,12,25000,0.06,282000.0,5,0
2022-06-09,CUST0242,Earbuds,East,Online,3,5000,0.24,11400.0,3,0
2022-06-10,CUST0093,Watch,East,Retail,14,15000,0.22,163800.0,5,0
2022-06-11,CUST0086,Earbuds,East,Retail,8,5000,0.07,37200.0,3,0
2022-06-12,CUST0044,Laptop,North,Partner,8,75000,0.2,480000.0,4,0
2022-06-13,CUST0137,Earbuds,South,Retail,11,5000,0.2,44000.0,1,1
2022-06-14,CUST0074,Earbuds,West,Online,12,5000,0.25,45000.0,4,0
2022-06-15,CUST0036,Phone,West,Retail,1,35000,0.15,29750.0,3,1
2022-06-16,CUST0101,Phone,West,Online,10,35000,0.02,343000.0,4,1
2022-06-17,CUST0156,Phone,North,Retail,2,35000,0.16,58800.0,3,0
2022-06-18,CUST0255,Earbuds,North,Partner,8,5000,0.16,33600.0,3,0
2022-06-19,CUST0171,Tablet,East,Online,1,25000,0.16,21000.0,4,0
2022-06-20,CUST0216,Earbuds,West,Retail,12,5000,0.08,55200.0,5,0
2022-06-21,CUST0170,Tablet,North,Retail,8,25000,0.21,158000.0,5,0
2022-06-22,CUST0252,Tablet,East,Retail,8,25000,0.24,152000.0,3,0
2022-06-23,CUST0055,Phone,West,Online,2,35000,0.05,66500.0,5,0
2022-06-24,CUST0091,Watch,South,Online,4,15000,0.02,58800.0,4,1
2022-06-25,CUST0278,Laptop,East,Online,6,75000,0.05,427500.0,3,0
2022-06-26,CUST0101,Phone,North,Partner,12,35000,0.21,331800.0,1,1
2022-06-27,CUST0155,Phone,North,Partner,11,35000,0.17,319550.0,4,0
2022-06-28,CUST0141,Watch,East,Online,9,15000,0.16,113400.0,5,0
2022-06-29,CUST0173,Laptop,East,Retail,8,75000,0.1,540000.0,4,0
2022-06-30,CUST0010,Earbuds,North,Partner,12,5000,0.14,51600.0,4,0
2022-07-01,CUST0228,Earbuds,South,Online,8,5000,0.08,36800.0,4,1
2022-07-02,CUST0265,Phone,West,Retail,7,35000,0.12,215600.0,3,0
2022-07-03,CUST0248,Laptop,South,Partner,14,75000,0.2,840000.0,5,0
2022-07-04,CUST0247,Phone,East,Retail,13,35000,0.25,341250.0,5,0
2022-07-05,CUST0155,Tablet,South,Retail,9,25000,0.23,173250.0,2,1
2022-07-06,CUST0034,Phone,North,Retail,2,35000,0.23,53900.0,5,0
2022-07-07,CUST0129,Phone,East,Retail,3,35000,0.1,94500.0,3,0
2022-07-08,CUST0160,Earbuds,West,Partner,10,5000,0.12,44000.0,5,0
2022-07-09,CUST0089,Earbuds,North,Partner,8,5000,0.18,32800.0,4,0
2022-07-10,CUST0093,Earbuds,North,Partner,14,5000,0.23,53900.0,3,0
2022-07-11,CUST0241,Tablet,West,Online,6,25000,0.04,144000.0,4,1
2022-07-12,CUST0117,Earbuds,West,Partner,10,5000,0.08,46000.0,4,1
2022-07-13,CUST0094,Laptop,South,Retail,9,75000,0.03,654750.0,2,1
2022-07-14,CUST0163,Watch,East,Partner,10,15000,0.15,127500.0,4,0
2022-07-15,CUST0099,Laptop,West,Retail,4,75000,0.08,276000.0,4,0
2022-07-16,CUST0113,Laptop,West,Online,8,75000,0.08,552000.0,5,1
2022-07-17,CUST0091,Earbuds,East,Retail,10,5000,0.02,49000.0,1,1
2022-07-18,CUST0206,Watch,West,Retail,3,15000,0.09,40950.0,4,0
2022-07-19,CUST0017,Watch,West,Retail,3,15000,0.22,35100.0,2,1
2022-07-20,CUST0274,Watch,South,Online,8,15000,0.06,112800.0,5,1
2022-07-21,CUST0173,Tablet,North,Partner,5,25000,0.17,103750.0,2,1
2022-07-22,CUST0116,Earbuds,North,Partner,3,5000,0.16,12600.0,5,0
2022-07-23,CUST0181,Watch,North,Online,10,15000,0.22,117000.0,5,0
2022-07-24,CUST0091,Tablet,North,Retail,11,25000,0.03,266750.0,4,1
2022-07-25,CUST0082,Phone,West,Partner,1,35000,0.24,26600.0,4,1
2022-07-26,CUST0114,Phone,East,Online,3,35000,0.15,89250.0,2,1
2022-07-27,CUST0257,Tablet,East,Partner,12,25000,0.25,225000.0,3,0
2022-07-28,CUST0058,Tablet,South,Online,9,25000,0.23,173250.0,5,0
2022-07-29,CUST0154,Earbuds,South,Retail,5,5000,0.06,23500.0,5,1
2022-07-30,CUST0116,Earbuds,West,Partner,12,5000,0.01,59400.0,1,1
2022-07-31,CUST0266,Phone,East,Online,10,35000,0.06,329000.0,4,0
2022-08-01,CUST0203,Watch,East,Partner,2,15000,0.13,26100.0,5,0
2022-08-02,CUST0041,Phone,North,Partner,7,35000,0.04,235200.0,4,1
2022-08-03,CUST0105,Watch,West,Partner,2,15000,0.04,28800.0,2,1
2022-08-04,CUST0193,Watch,West,Partner,4,15000,0.12,52800.0,3,0
2022-08-05,CUST0278,Earbuds,North,Online,12,5000,0.01,59400.0,3,1
2022-08-06,CUST0237,Laptop,West,Retail,7,75000,0.03,509250.0,5,1
2022-08-07,CUST0221,Laptop,West,Online,4,75000,0.1,270000.0,4,0
2022-08-08,CUST0068,Tablet,South,Online,7,25000,0.02,171500.0,4,1
2022-08-09,CUST0197,Earbuds,East,Online,7,5000,0.1,31500.0,5,0
2022-08-10,CUST0256,Watch,West,Retail,1,15000,0.12,13200.0,4,0
2022-08-11,CUST0139,Laptop,South,Partner,6,75000,0.11,400500.0,5,0
2022-08-12,CUST0149,Watch,East,Partner,9,15000,0.22,105300.0,4,0
2022-08-13,CUST0099,Laptop,North,Partner,2,75000,0.13,130500.0,2,1
2022-08-14,CUST0076,Laptop,South,Retail,14,75000,0.12,924000.0,5,0
2022-08-15,CUST0282,Laptop,South,Partner,3,75000,0.1,202500.0,4,0
2022-08-16,CUST0109,Earbuds,East,Retail,10,5000,0.2,40000.0,3,0
2022-08-17,CUST0188,Phone,North,Partner,5,35000,0.22,136500.0,3,0
2022-08-18,CUST0199,Watch,South,Partner,9,15000,0.21,106650.0,2,1
2022-08-19,CUST0154,Earbuds,West,Online,4,5000,0.17,16600.0,4,0
2022-08-20,CUST0040,Earbuds,West,Retail,1,5000,0.03,4850.0,5,1
2022-08-21,CUST0133,Earbuds,West,Online,4,5000,0.07,18600.0,5,1
2022-08-22,CUST0132,Earbuds,North,Online,6,5000,0.01,29700.0,5,1
2022-08-23,CUST0279,Earbuds,South,Online,5,5000,0.23,19250.0,2,1
2022-08-24,CUST0084,Tablet,West,Retail,14,25000,0.17,290500.0,4,0
2022-08-25,CUST0242,Watch,North,Retail,13,15000,0.19,157950.0,1,1
2022-08-26,CUST0116,Earbuds,West,Partner,1,5000,0.08,4600.0,5,0
2022-08-27,CUST0109,Watch,East,Online,4,15000,0.21,47400.0,4,1
2022-08-28,CUST0221,Tablet,South,Partner,6,25000,0.06,141000.0,4,0
2022-08-29,CUST0041,Tablet,South,Online,13,25000,0.0,325000.0,5,1
2022-08-30,CUST0147,Watch,North,Retail,10,15000,0.09,136500.0,4,0
2022-08-31,CUST0112,Laptop,North,Retail,10,75000,0.14,645000.0,3,0
2022-09-01,CUST0103,Phone,South,Retail,14,35000,0.12,431200.0,5,0
2022-09-02,CUST0046,Laptop,West,Online,4,75000,0.22,234000.0,5,0
2022-09-03,CUST0271,Laptop,West,Retail,14,75000,0.03,1018500.0,3,1
2022-09-04,CUST0195,Laptop,East,Online,9,75000,0.14,580500.0,4,0
2022-09-05,CUST0280,Earbuds,West,Partner,5,5000,0.13,21750.0,5,1
2022-09-06,CUST0283,Tablet,North,Online,8,25000,0.07,186000.0,1,1
2022-09-07,CUST0040,Laptop,North,Partner,9,75000,0.21,533250.0,4,0
2022-09-08,CUST0189,Tablet,West,Online,10,25000,0.19,202500.0,2,1
2022-09-09,CUST0164,Watch,North,Partner,5,15000,0.18,61500.0,4,0
2022-09-10,CUST0024,Phone,South,Retail,6,35000,0.22,163800.0,1,1
2022-09-11,CUST0024,Watch,South,Partner,1,15000,0.18,12300.0,4,0
2022-09-12,CUST0004,Watch,West,Retail,11,15000,0.06,155100.0,3,0
2022-09-13,CUST0290,Earbuds,South,Retail,12,5000,0.18,49200.0,4,1
2022-09-14,CUST0181,Phone,South,Partner,7,35000,0.08,225400.0,5,0
2022-09-15,CUST0248,Watch,East,Online,4,15000,0.06,56400.0,5,0
2022-09-16,CUST0116,Watch,East,Online,11,15000,0.02,161700.0,5,1
2022-09-17,CUST0279,Phone,South,Online,2,35000,0.19,56700.0,4,0
2022-09-18,CUST0069,Phone,West,Online,5,35000,0.18,143500.0,1,1
2022-09-19,CUST0254,Watch,East,Online,12,15000,0.06,169200.0,3,0
2022-09-20,CUST0181,Phone,North,Retail,3,35000,0.19,85050.0,5,0
2022-09-21,CUST0169,Watch,North,Online,6,15000,0.23,69300.0,4,0
2022-09-22,CUST0249,Watch,North,Retail,8,15000,0.03,116400.0,2,1
2022-09-23,CUST0188,Earbuds,West,Retail,7,5000,0.06,32900.0,5,0
2022-09-24,CUST0054,Laptop,South,Retail,3,75000,0.19,182250.0,3,0
2022-09-25,CUST0138,Watch,North,Partner,8,15000,0.07,111600.0,3,0
2022-09-26,CUST0168,Tablet,West,Partner,2,25000,0.16,42000.0,5,0
2022-09-27,CUST0103,Laptop,East,Retail,10,75000,0.02,735000.0,5,1
2022-09-28,CUST0085,Laptop,South,Partner,9,75000,0.11,600750.0,4,0
2022-09-29,CUST0212,Laptop,East,Online,4,75000,0.18,246000.0,5,0
2022-09-30,CUST0003,Earbuds,West,Online,1,5000,0.17,4150.0,4,0
2022-10-01,CUST0179,Watch,North,Retail,8,15000,0.2,96000.0,5,0
2022-10-02,CUST0038,Earbuds,North,Online,7,5000,0.22,27300.0,1,1
2022-10-03,CUST0239,Watch,West,Retail,11,15000,0.19,133650.0,2,1
2022-10-04,CUST0169,Earbuds,North,Retail,13,5000,0.17,53950.0,4,0
2022-10-05,CUST0030,Earbuds,South,Online,5,5000,0.01,24750.0,5,1
2022-10-06,CUST0190,Tablet,West,Partner,10,25000,0.13,217500.0,4,0
2022-10-07,CUST0025,Earbuds,East,Online,13,5000,0.01,64350.0,2,1
2022-10-08,CUST0112,Phone,West,Online,5,35000,0.2,140000.0,2,1
2022-10-09,CUST0206,Tablet,South,Retail,7,25000,0.08,161000.0,5,1
2022-10-10,CUST0185,Earbuds,South,Retail,5,5000,0.14,21500.0,2,1
2022-10-11,CUST0047,Laptop,West,Retail,8,75000,0.07,558000.0,4,0
2022-10-12,CUST0228,Phone,West,Retail,11,35000,0.2,308000.0,1,1
2022-10-13,CUST0039,Phone,North,Partner,13,35000,0.22,354900.0,2,1
2022-10-14,CUST0016,Phone,South,Partner,6,35000,0.1,189000.0,4,0
2022-10-15,CUST0022,Tablet,West,Partner,13,25000,0.22,253500.0,4,0
2022-10-16,CUST0213,Earbuds,West,Retail,5,5000,0.07,23250.0,3,0
2022-10-17,CUST0149,Earbuds,South,Retail,9,5000,0.13,39150.0,3,0
2022-10-18,CUST0241,Laptop,West,Retail,11,75000,0.21,651750.0,5,0
2022-10-19,CUST0272,Laptop,North,Partner,2,75000,0.08,138000.0,3,0
2022-10-20,CUST0059,Phone,South,Retail,1,35000,0.24,26600.0,4,0
2022-10-21,CUST0287,Laptop,North,Online,8,75000,0.03,582000.0,5,1
2022-10-22,CUST0202,Tablet,North,Online,12,25000,0.0,300000.0,2,1
2022-10-23,CUST0032,Earbuds,North,Retail,3,5000,0.23,11550.0,5,1
2022-10-24,CUST0162,Phone,North,Online,14,35000,0.02,480200.0,3,1
2022-10-25,CUST0255,Laptop,South,Online,11,75000,0.25,618750.0,4,0
2022-10-26,CUST0254,Tablet,North,Partner,12,25000,0.24,228000.0,4,0
2022-10-27,CUST0009,Tablet,North,Retail,12,25000,0.03,291000.0,5,1
2022-10-28,CUST0139,Laptop,West,Retail,12,75000,0.13,783000.0,3,0
2022-10-29,CUST0010,Earbuds,South,Partner,7,5000,0.05,33250.0,4,0
2022-10-30,CUST0214,Laptop,South,Online,10,75000,0.11,667500.0,5,0
2022-10-31,CUST0273,Phone,East,Online,13,35000,0.02,445900.0,4,1
2022-11-01,CUST0048,Laptop,South,Retail,11,75000,0.06,775500.0,4,0
2022-11-02,CUST0111,Tablet,South,Online,8,25000,0.09,182000.0,3,0
2022-11-03,CUST0153,Laptop,East,Partner,13,75000,0.11,867750.0,5,0
2022-11-04,CUST0123,Earbuds,South,Partner,13,5000,0.24,49400.0,1,1
2022-11-05,CUST0102,Watch,South,Retail,6,15000,0.2,72000.0,1,1
2022-11-06,CUST0241,Laptop,South,Partner,12,75000,0.18,738000.0,4,0
2022-11-07,CUST0191,Earbuds,South,Partner,10,5000,0.13,43500.0,3,0
2022-11-08,CUST0217,Earbuds,East,Retail,14,5000,0.21,55300.0,5,1
2022-11-09,CUST0051,Tablet,South,Partner,9,25000,0.08,207000.0,5,0
2022-11-10,CUST0292,Earbuds,South,Partner,7,5000,0.18,28700.0,5,0
2022-11-11,CUST0081,Earbuds,East,Partner,10,5000,0.25,37500.0,5,0
2022-11-12,CUST0088,Earbuds,West,Online,5,5000,0.08,23000.0,4,0
2022-11-13,CUST0194,Earbuds,North,Retail,8,5000,0.17,33200.0,2,1
2022-11-14,CUST0104,Phone,West,Retail,2,35000,0.21,55300.0,5,0
2022-11-15,CUST0271,Phone,East,Retail,7,35000,0.23,188650.0,3,0
2022-11-16,CUST0096,Tablet,North,Online,4,25000,0.18,82000.0,3,0
2022-11-17,CUST0198,Laptop,East,Online,9,75000,0.07,627750.0,5,0
2022-11-18,CUST0001,Earbuds,East,Retail,12,5000,0.08,55200.0,4,0
2022-11-19,CUST0167,Laptop,South,Online,1,75000,0.01,74250.0,5,1
2022-11-20,CUST0126,Laptop,North,Retail,7,75000,0.19,425250.0,3,1
2022-11-21,CUST0081,Tablet,South,Online,6,25000,0.01,148500.0,4,1
2022-11-22,CUST0251,Earbuds,North,Partner,8,5000,0.22,31200.0,2,1
2022-11-23,CUST0169,Earbuds,East,Partner,5,5000,0.03,24250.0,4,1
2022-11-24,CUST0073,Watch,East,Retail,1,15000,0.04,14400.0,5,1
2022-11-25,CUST0141,Laptop,West,Online,1,75000,0.12,66000.0,4,0
2022-11-26,CUST0070,Laptop,North,Online,9,75000,0.18,553500.0,3,0
2022-11-27,CUST0262,Phone,South,Partner,10,35000,0.03,339500.0,1,1
2022-11-28,CUST0245,Watch,West,Partner,6,15000,0.11,80100.0,2,1
2022-11-29,CUST0003,Phone,West,Online,10,35000,0.12,308000.0,4,0
2022-11-30,CUST0063,Phone,West,Online,5,35000,0.05,166250.0,5,1
2022-12-01,CUST0049,Phone,South,Online,1,35000,0.03,33950.0,3,1
2022-12-02,CUST0076,Tablet,West,Online,6,25000,0.21,118500.0,5,0
2022-12-03,CUST0175,Tablet,South,Online,6,25000,0.13,130500.0,5,1
2022-12-04,CUST0109,Phone,West,Online,3,35000,0.0,105000.0,4,1
2022-12-05,CUST0183,Watch,South,Retail,13,15000,0.2,156000.0,4,1
2022-12-06,CUST0192,Laptop,East,Online,8,75000,0.25,450000.0,5,1
2022-12-07,CUST0065,Watch,East,Partner,14,15000,0.15,178500.0,3,0
2022-12-08,CUST0271,Earbuds,East,Retail,1,5000,0.13,4350.0,3,0
2022-12-09,CUST0100,Tablet,East,Online,1,25000,0.22,19500.0,1,1
2022-12-10,CUST0032,Laptop,East,Partner,6,75000,0.24,342000.0,5,0
2022-12-11,CUST0128,Laptop,West,Retail,10,75000,0.19,607500.0,5,0
2022-12-12,CUST0043,Earbuds,West,Partner,13,5000,0.11,57850.0,5,0
2022-12-13,CUST0078,Earbuds,West,Online,1,5000,0.15,4250.0,2,1
2022-12-14,CUST0289,Phone,South,Online,6,35000,0.18,172200.0,4,0
2022-12-15,CUST0270,Tablet,South,Online,1,25000,0.05,23750.0,2,1
2022-12-16,CUST0162,Tablet,South,Online,14,25000,0.11,311500.0,1,1
2022-12-17,CUST0189,Watch,South,Retail,13,15000,0.21,154050.0,4,0
2022-12-18,CUST0247,Phone,East,Retail,6,35000,0.16,176400.0,5,1
2022-12-19,CUST0216,Phone,East,Partner,3,35000,0.1,94500.0,5,0
2022-12-20,CUST0168,Phone,East,Online,14,35000,0.17,406700.0,4,0
2022-12-21,CUST0193,Phone,North,Partner,14,35000,0.03,475300.0,2,1
2022-12-22,CUST0283,Tablet,West,Retail,8,25000,0.1,180000.0,3,0
2022-12-23,CUST0013,Tablet,South,Online,13,25000,0.2,260000.0,3,0
2022-12-24,CUST0240,Phone,South,Online,6,35000,0.06,197400.0,5,0
2022-12-25,CUST0147,Watch,East,Retail,13,15000,0.05,185250.0,5,0
2022-12-26,CUST0204,Laptop,South,Retail,11,75000,0.24,627000.0,4,0
2022-12-27,CUST0080,Laptop,South,Retail,13,75000,0.05,926250.0,4,0
2022-12-28,CUST0043,Watch,West,Retail,1,15000,0.07,13950.0,1,1
2022-12-29,CUST0089,Phone,East,Retail,5,35000,0.24,133000.0,3,1
2022-12-30,CUST0148,Tablet,West,Online,8,25000,0.18,164000.0,4,0
2022-12-31,CUST0095,Laptop,North,Retail,3,75000,0.17,186750.0,2,1
2023-01-01,CUST0151,Earbuds,North,Online,12,5000,0.21,47400.0,4,0
2023-01-02,CUST0002,Earbuds,North,Online,6,5000,0.03,29100.0,5,1
2023-01-03,CUST0022,Watch,East,Retail,5,15000,0.18,61500.0,4,0
2023-01-04,CUST0007,Phone,South,Retail,6,35000,0.13,182700.0,2,1
2023-01-05,CUST0206,Laptop,East,Online,10,75000,0.21,592500.0,3,0
2023-01-06,CUST0114,Phone,East,Retail,1,35000,0.13,30450.0,4,0
2023-01-07,CUST0272,Laptop,South,Retail,7,75000,0.16,441000.0,4,0
2023-01-08,CUST0083,Watch,West,Retail,9,15000,0.12,118800.0,4,0
2023-01-09,CUST0179,Watch,North,Partner,2,15000,0.12,26400.0,4,0
2023-01-10,CUST0210,Earbuds,West,Online,10,5000,0.19,40500.0,4,0
2023-01-11,CUST0124,Phone,North,Partner,5,35000,0.16,147000.0,5,0
2023-01-12,CUST0113,Earbuds,East,Retail,10,5000,0.16,42000.0,3,0
2023-01-13,CUST0012,Phone,North,Partner,4,35000,0.11,124600.0,5,0
2023-01-14,CUST0126,Earbuds,East,Retail,6,5000,0.13,26100.0,3,0
2023-01-15,CUST0053,Tablet,West,Partner,6,25000,0.19,121500.0,2,1
2023-01-16,CUST0283,Tablet,East,Retail,11,25000,0.21,217250.0,4,0
2023-01-17,CUST0140,Tablet,West,Partner,2,25000,0.17,41500.0,4,0
2023-01-18,CUST0097,Tablet,South,Partner,2,25000,0.23,38500.0,5,0
2023-01-19,CUST0005,Laptop,South,Partner,4,75000,0.21,237000.0,5,0
2023-01-20,CUST0057,Tablet,South,Online,1,25000,0.14,21500.0,5,0
2023-01-21,CUST0069,Watch,East,Partner,9,15000,0.17,112050.0,5,0
2023-01-22,CUST0118,Watch,South,Online,14,15000,0.23,161700.0,4,1
2023-01-23,CUST0059,Laptop,North,Retail,14,75000,0.15,892500.0,4,1
2023-01-24,CUST0033,Tablet,West,Partner,13,25000,0.21,256750.0,4,0
2023-01-25,CUST0050,Tablet,West,Retail,7,25000,0.17,145250.0,5,0
2023-01-26,CUST0019,Tablet,North,Retail,12,25000,0.14,258000.0,5,0
2023-01-27,CUST0214,Earbuds,East,Partner,7,5000,0.06,32900.0,2,1
2023-01-28,CUST0197,Phone,East,Online,3,35000,0.11,93450.0,5,0
2023-01-29,CUST0047,Earbuds,West,Partner,11,5000,0.24,41800.0,3,0
2023-01-30,CUST0167,Phone,South,Retail,12,35000,0.16,352800.0,4,1
2023-01-31,CUST0289,Tablet,East,Retail,3,25000,0.14,64500.0,3,1
2023-02-01,CUST0141,Tablet,East,Partner,1,25000,0.23,19250.0,4,0
2023-02-02,CUST0084,Earbuds,North,Online,3,5000,0.15,12750.0,5,0
2023-02-03,CUST0182,Earbuds,North,Online,3,5000,0.13,13050.0,3,0
2023-02-04,CUST0079,Phone,South,Retail,4,35000,0.19,113400.0,2,1
2023-02-05,CUST0215,Watch,East,Retail,4,15000,0.18,49200.0,3,0
2023-02-06,CUST0014,Phone,East,Online,3,35000,0.05,99750.0,4,1
2023-02-07,CUST0215,Earbuds,North,Partner,10,5000,0.12,44000.0,3,1
2023-02-08,CUST0128,Earbuds,East,Retail,12,5000,0.12,52800.0,3,0
2023-02-09,CUST0248,Laptop,West,Online,8,75000,0.09,546000.0,3,0
2023-02-10,CUST0029,Earbuds,North,Retail,8,5000,0.13,34800.0,4,0
2023-02-11,CUST0280,Laptop,South,Partner,13,75000,0.1,877500.0,3,0
2023-02-12,CUST0202,Watch,North,Online,13,15000,0.05,185250.0,5,0
2023-02-13,CUST0057,Phone,East,Retail,1,35000,0.1,31500.0,2,1
2023-02-14,CUST0218,Phone,South,Partner,7,35000,0.02,240100.0,4,1
2023-02-15,CUST0062,Laptop,North,Retail,11,75000,0.14,709500.0,3,0
2023-02-16,CUST0157,Phone,West,Partner,2,35000,0.21,55300.0,4,0
2023-02-17,CUST0202,Earbuds,West,Partner,1,5000,0.18,4100.0,3,0
2023-02-18,CUST0017,Tablet,North,Online,3,25000,0.09,68250.0,5,1
2023-02-19,CUST0006,Laptop,West,Partner,4,75000,0.02,294000.0,5,1
2023-02-20,CUST0058,Phone,West,Retail,13,35000,0.05,432250.0,5,0
2023-02-21,CUST0169,Laptop,West,Partner,6,75000,0.14,387000.0,4,0
2023-02-22,CUST0082,Laptop,South,Partner,10,75000,0.05,712500.0,4,0
2023-02-23,CUST0219,Tablet,West,Online,14,25000,0.14,301000.0,5,0
2023-02-24,CUST0177,Earbuds,West,Partner,5,5000,0.06,23500.0,4,0
2023-02-25,CUST0204,Laptop,West,Partner,14,75000,0.21,829500.0,3,0
2023-02-26,CUST0071,Phone,South,Retail,4,35000,0.1,126000.0,5,0
2023-02-27,CUST0266,Watch,North,Online,8,15000,0.06,112800.0,4,0
2023-02-28,CUST0098,Laptop,East,Online,11,75000,0.2,660000.0,3,0
2023-03-01,CUST0291,Laptop,West,Online,12,75000,0.09,819000.0,3,0
2023-03-02,CUST0208,Tablet,North,Partner,14,25000,0.03,339500.0,3,1
2023-03-03,CUST0002,Earbuds,West,Online,4,5000,0.14,17200.0,4,0
2023-03-04,CUST0124,Watch,South,Partner,13,15000,0.15,165750.0,3,0
2023-03-05,CUST0280,Phone,North,Partner,10,35000,0.18,287000.0,2,1
2023-03-06,CUST0074,Watch,South,Retail,12,15000,0.06,169200.0,2,1
2023-03-07,CUST0166,Phone,West,Retail,13,35000,0.11,404950.0,4,0
2023-03-08,CUST0022,Earbuds,West,Retail,2,5000,0.07,9300.0,5,0
2023-03-09,CUST0154,Phone,South,Retail,3,35000,0.02,102900.0,3,1
2023-03-10,CUST0295,Tablet,East,Retail,6,25000,0.22,117000.0,1,1
2023-03-11,CUST0219,Tablet,South,Partner,8,25000,0.18,164000.0,2,1
2023-03-12,CUST0157,Tablet,West,Partner,8,25000,0.08,184000.0,5,0
2023-03-13,CUST0230,Tablet,South,Online,11,25000,0.15,233750.0,4,0
2023-03-14,CUST0020,Watch,East,Partner,9,15000,0.05,128250.0,4,0
2023-03-15,CUST0041,Earbuds,South,Partner,7,5000,0.22,27300.0,1,1
2023-03-16,CUST0148,Phone,East,Retail,13,35000,0.03,441350.0,5,1
2023-03-17,CUST0108,Phone,East,Partner,2,35000,0.0,70000.0,4,1
2023-03-18,CUST0084,Tablet,South,Retail,8,25000,0.13,174000.0,3,0
2023-03-19,CUST0290,Tablet,South,Online,7,25000,0.15,148750.0,2,1
2023-03-20,CUST0134,Laptop,North,Online,8,75000,0.14,516000.0,4,0
2023-03-21,CUST0207,Earbuds,West,Partner,12,5000,0.01,59400.0,5,1
2023-03-22,CUST0283,Watch,East,Online,3,15000,0.08,41400.0,5,0
2023-03-23,CUST0266,Phone,North,Partner,7,35000,0.12,215600.0,4,0
2023-03-24,CUST0073,Laptop,South,Online,10,75000,0.05,712500.0,5,0
2023-03-25,CUST0048,Laptop,West,Retail,13,75000,0.22,760500.0,2,1
2023-03-26,CUST0233,Phone,North,Retail,9,35000,0.02,308700.0,4,1
2023-03-27,CUST0100,Watch,East,Retail,3,15000,0.12,39600.0,4,0
2023-03-28,CUST0059,Laptop,North,Retail,14,75000,0.17,871500.0,3,0
2023-03-29,CUST0258,Laptop,East,Partner,10,75000,0.07,697500.0,5,0
2023-03-30,CUST0065,Earbuds,South,Online,6,5000,0.16,25200.0,3,1
2023-03-31,CUST0083,Watch,West,Partner,2,15000,0.21,23700.0,3,1
2023-04-01,CUST0154,Laptop,West,Retail,2,75000,0.05,142500.0,4,0
2023-04-02,CUST0266,Watch,West,Partner,5,15000,0.23,57750.0,4,0
2023-04-03,CUST0079,Phone,South,Online,5,35000,0.14,150500.0,4,0
2023-04-04,CUST0150,Tablet,East,Partner,13,25000,0.07,302250.0,2,1
2023-04-05,CUST0048,Laptop,South,Online,7,75000,0.11,467250.0,5,0
2023-04-06,CUST0248,Earbuds,West,Partner,12,5000,0.08,55200.0,4,0
2023-04-07,CUST0278,Phone,South,Online,2,35000,0.18,57400.0,4,0
2023-04-08,CUST0098,Watch,South,Online,11,15000,0.2,132000.0,5,0
2023-04-09,CUST0025,Phone,South,Retail,14,35000,0.21,387100.0,5,0
2023-04-10,CUST0284,Laptop,East,Online,13,75000,0.25,731250.0,2,1
2023-04-11,CUST0068,Watch,North,Retail,7,15000,0.2,84000.0,5,0
2023-04-12,CUST0007,Tablet,North,Retail,5,25000,0.15,106250.0,2,1
2023-04-13,CUST0137,Phone,South,Retail,14,35000,0.08,450800.0,1,1
2023-04-14,CUST0164,Laptop,North,Partner,6,75000,0.14,387000.0,4,0
2023-04-15,CUST0083,Earbuds,North,Partner,8,5000,0.01,39600.0,5,1
2023-04-16,CUST0138,Watch,South,Partner,10,15000,0.19,121500.0,3,0
2023-04-17,CUST0073,Phone,South,Partner,13,35000,0.11,404950.0,4,0
2023-04-18,CUST0237,Phone,West,Online,14,35000,0.01,485100.0,3,1
2023-04-19,CUST0046,Tablet,North,Online,12,25000,0.02,294000.0,5,1
2023-04-20,CUST0106,Tablet,East,Partner,4,25000,0.1,90000.0,4,0
2023-04-21,CUST0288,Earbuds,South,Online,13,5000,0.15,55250.0,4,1
2023-04-22,CUST0262,Earbuds,West,Online,7,5000,0.12,30800.0,3,0
2023-04-23,CUST0176,Laptop,East,Retail,6,75000,0.15,382500.0,5,0
2023-04-24,CUST0166,Laptop,North,Retail,10,75000,0.12,660000.0,5,0
2023-04-25,CUST0145,Earbuds,West,Retail,2,5000,0.17,8300.0,4,0
2023-04-26,CUST0283,Earbuds,South,Retail,8,5000,0.05,38000.0,4,0
2023-04-27,CUST0054,Watch,East,Online,10,15000,0.03,145500.0,5,1
2023-04-28,CUST0178,Tablet,South,Partner,9,25000,0.15,191250.0,1,1
2023-04-29,CUST0244,Laptop,North,Online,5,75000,0.12,330000.0,5,0
2023-04-30,CUST0127,Tablet,East,Online,10,25000,0.01,247500.0,5,1
2023-05-01,CUST0271,Tablet,North,Online,4,25000,0.1,90000.0,2,1
2023-05-02,CUST0132,Earbuds,North,Retail,6,5000,0.03,29100.0,4,1
2023-05-03,CUST0093,Watch,West,Retail,8,15000,0.13,104400.0,3,0
2023-05-04,CUST0073,Phone,South,Retail,11,35000,0.1,346500.0,4,0
2023-05-05,CUST0248,Watch,East,Partner,3,15000,0.15,38250.0,4,1
2023-05-06,CUST0273,Watch,North,Online,10,15000,0.2,120000.0,3,0
2023-05-07,CUST0043,Tablet,North,Partner,11,25000,0.07,255750.0,4,0
2023-05-08,CUST0041,Watch,East,Retail,11,15000,0.24,125400.0,3,0
2023-05-09,CUST0170,Laptop,North,Partner,1,75000,0.13,65250.0,4,0
2023-05-10,CUST0212,Tablet,West,Online,4,25000,0.15,85000.0,3,0
2023-05-11,CUST0168,Laptop,West,Online,4,75000,0.17,249000.0,5,0
2023-05-12,CUST0039,Phone,West,Retail,1,35000,0.17,29050.0,1,1
2023-05-13,CUST0245,Tablet,West,Retail,9,25000,0.13,195750.0,5,0
2023-05-14,CUST0151,Phone,North,Partner,3,35000,0.11,93450.0,4,0
2023-05-15,CUST0111,Tablet,East,Retail,5,25000,0.01,123750.0,3,1
2023-05-16,CUST0047,Earbuds,East,Retail,6,5000,0.01,29700.0,5,1
2023-05-17,CUST0063,Watch,East,Online,8,15000,0.09,109200.0,4,0
2023-05-18,CUST0225,Earbuds,East,Retail,6,5000,0.08,27600.0,4,0
2023-05-19,CUST0069,Phone,South,Retail,3,35000,0.1,94500.0,2,1
2023-05-20,CUST0299,Watch,East,Online,6,15000,0.03,87300.0,4,1
2023-05-21,CUST0290,Tablet,South,Online,1,25000,0.18,20500.0,3,0
2023-05-22,CUST0296,Watch,South,Partner,4,15000,0.21,47400.0,1,1
2023-05-23,CUST0203,Laptop,West,Retail,6,75000,0.23,346500.0,4,0
2023-05-24,CUST0061,Watch,South,Online,7,15000,0.12,92400.0,2,1
2023-05-25,CUST0161,Laptop,North,Partner,11,75000,0.18,676500.0,3,0
2023-05-26,CUST0016,Watch,South,Partner,13,15000,0.21,154050.0,2,1
2023-05-27,CUST0094,Laptop,West,Retail,11,75000,0.1,742500.0,2,1
2023-05-28,CUST0138,Phone,South,Retail,10,35000,0.08,322000.0,3,0
2023-05-29,CUST0038,Earbuds,North,Partner,3,5000,0.23,11550.0,5,0
2023-05-30,CUST0127,Tablet,North,Online,9,25000,0.13,195750.0,1,1
2023-05-31,CUST0275,Watch,North,Partner,12,15000,0.12,158400.0,4,0
2023-06-01,CUST0164,Earbuds,West,Retail,12,5000,0.04,57600.0,2,1
2023-06-02,CUST0077,Tablet,West,Online,7,25000,0.03,169750.0,5,1
2023-06-03,CUST0174,Tablet,East,Online,14,25000,0.21,276500.0,2,1
2023-06-04,CUST0091,Laptop,West,Partner,1,75000,0.15,63750.0,5,0
2023-06-05,CUST0238,Phone,North,Retail,2,35000,0.08,64400.0,4,0
2023-06-06,CUST0264,Phone,North,Partner,1,35000,0.05,33250.0,1,1
2023-06-07,CUST0179,Earbuds,West,Partner,11,5000,0.14,47300.0,5,0
2023-06-08,CUST0209,Phone,South,Partner,9,35000,0.15,267750.0,4,0
2023-06-09,CUST0073,Watch,West,Online,9,15000,0.05,128250.0,3,0
2023-06-10,CUST0107,Phone,West,Online,7,35000,0.21,193550.0,5,0
2023-06-11,CUST0295,Earbuds,North,Retail,10,5000,0.02,49000.0,5,1
2023-06-12,CUST0284,Phone,East,Retail,3,35000,0.09,95550.0,4,0
2023-06-13,CUST0182,Watch,North,Partner,13,15000,0.17,161850.0,3,0
2023-06-14,CUST0037,Laptop,East,Partner,5,75000,0.07,348750.0,5,1
2023-06-15,CUST0137,Earbuds,North,Partner,4,5000,0.21,15800.0,4,1
2023-06-16,CUST0056,Laptop,West,Retail,7,75000,0.18,430500.0,5,0
2023-06-17,CUST0187,Laptop,North,Online,14,75000,0.2,840000.0,4,0
2023-06-18,CUST0258,Laptop,North,Online,9,75000,0.03,654750.0,3,1
2023-06-19,CUST0058,Tablet,North,Partner,12,25000,0.04,288000.0,5,1
2023-06-20,CUST0123,Tablet,West,Partner,2,25000,0.07,46500.0,2,1
2023-06-21,CUST0188,Laptop,West,Partner,13,75000,0.13,848250.0,3,0
2023-06-22,CUST0230,Earbuds,West,Partner,8,5000,0.19,32400.0,4,0
2023-06-23,CUST0168,Watch,West,Retail,9,15000,0.21,106650.0,4,0
2023-06-24,CUST0114,Watch,East,Online,10,15000,0.18,123000.0,1,1
2023-06-25,CUST0252,Phone,East,Partner,14,35000,0.23,377300.0,5,0
2023-06-26,CUST0107,Earbuds,South,Retail,10,5000,0.18,41000.0,4,0
2023-06-27,CUST0037,Tablet,West,Partner,9,25000,0.08,207000.0,4,0
2023-06-28,CUST0092,Laptop,East,Partner,14,75000,0.07,976500.0,5,0
2023-06-29,CUST0018,Phone,North,Online,10,35000,0.17,290500.0,4,0
2023-06-30,CUST0063,Watch,West,Partner,14,15000,0.05,199500.0,1,1
2023-07-01,CUST0150,Tablet,South,Online,7,25000,0.02,171500.0,3,1
2023-07-02,CUST0139,Tablet,South,Online,9,25000,0.13,195750.0,5,0
2023-07-03,CUST0186,Laptop,South,Online,9,75000,0.21,533250.0,2,1
2023-07-04,CUST0185,Watch,North,Retail,14,15000,0.03,203700.0,4,1
2023-07-05,CUST0205,Earbuds,East,Retail,3,5000,0.2,12000.0,4,0
2023-07-06,CUST0260,Tablet,North,Online,4,25000,0.2,80000.0,4,0
2023-07-07,CUST0214,Laptop,West,Partner,2,75000,0.12,132000.0,1,1
2023-07-08,CUST0256,Earbuds,South,Online,10,5000,0.01,49500.0,4,1
2023-07-09,CUST0135,Watch,North,Partner,3,15000,0.04,43200.0,4,1
2023-07-10,CUST0061,Tablet,North,Online,11,25000,0.18,225500.0,5,0
2023-07-11,CUST0088,Earbuds,East,Partner,11,5000,0.18,45100.0,3,0
2023-07-12,CUST0207,Earbuds,East,Retail,5,5000,0.22,19500.0,4,0
2023-07-13,CUST0129,Earbuds,South,Partner,5,5000,0.15,21250.0,4,1
2023-07-14,CUST0003,Tablet,North,Online,6,25000,0.03,145500.0,4,1
2023-07-15,CUST0242,Tablet,North,Retail,13,25000,0.03,315250.0,4,1
2023-07-16,CUST0121,Phone,East,Partner,7,35000,0.18,200900.0,3,0
2023-07-17,CUST0102,Watch,North,Partner,7,15000,0.05,99750.0,3,0
2023-07-18,CUST0038,Laptop,North,Partner,1,75000,0.08,69000.0,5,0
2023-07-19,CUST0133,Earbuds,North,Partner,14,5000,0.12,61600.0,4,0
2023-07-20,CUST0202,Phone,East,Partner,2,35000,0.01,69300.0,4,1
2023-07-21,CUST0021,Laptop,South,Retail,12,75000,0.06,846000.0,3,0
2023-07-22,CUST0242,Phone,West,Retail,9,35000,0.1,283500.0,3,0
2023-07-23,CUST0109,Tablet,South,Retail,10,25000,0.07,232500.0,1,1
2023-07-24,CUST0084,Earbuds,West,Retail,2,5000,0.03,9700.0,2,1
2023-07-25,CUST0083,Laptop,North,Online,6,75000,0.18,369000.0,4,0
2023-07-26,CUST0291,Laptop,South,Retail,11,75000,0.2,660000.0,5,0
2023-07-27,CUST0069,Laptop,West,Partner,11,75000,0.06,775500.0,3,0
2023-07-28,CUST0129,Laptop,East,Partner,1,75000,0.19,60750.0,3,0
2023-07-29,CUST0196,Laptop,East,Retail,3,75000,0.1,202500.0,2,1
2023-07-30,CUST0140,Phone,South,Partner,2,35000,0.13,60900.0,4,1
2023-07-31,CUST0283,Earbuds,South,Retail,3,5000,0.21,11850.0,1,1
2023-08-01,CUST0234,Tablet,North,Partner,5,25000,0.19,101250.0,5,0
2023-08-02,CUST0023,Tablet,South,Online,11,25000,0.2,220000.0,4,0
2023-08-03,CUST0153,Tablet,North,Online,10,25000,0.03,242500.0,5,1
2023-08-04,CUST0277,Tablet,North,Retail,6,25000,0.02,147000.0,5,1
2023-08-05,CUST0061,Phone,East,Retail,9,35000,0.22,245700.0,4,0
2023-08-06,CUST0052,Watch,East,Retail,12,15000,0.1,162000.0,4,0
2023-08-07,CUST0153,Earbuds,West,Partner,11,5000,0.07,51150.0,3,1
2023-08-08,CUST0237,Laptop,East,Retail,10,75000,0.18,615000.0,4,0
2023-08-09,CUST0032,Watch,East,Online,12,15000,0.21,142200.0,5,0
2023-08-10,CUST0055,Tablet,South,Partner,12,25000,0.22,234000.0,2,1
2023-08-11,CUST0036,Watch,East,Retail,13,15000,0.08,179400.0,5,0
2023-08-12,CUST0110,Earbuds,West,Partner,4,5000,0.21,15800.0,3,0
2023-08-13,CUST0177,Laptop,South,Partner,7,75000,0.01,519750.0,5,1
2023-08-14,CUST0295,Laptop,West,Retail,6,75000,0.01,445500.0,5,1
2023-08-15,CUST0097,Earbuds,East,Partner,2,5000,0.16,8400.0,4,0
2023-08-16,CUST0213,Earbuds,West,Online,10,5000,0.02,49000.0,4,1
2023-08-17,CUST0137,Tablet,South,Online,11,25000,0.08,253000.0,4,1
2023-08-18,CUST0006,Laptop,North,Partner,11,75000,0.17,684750.0,5,0
2023-08-19,CUST0109,Watch,West,Retail,11,15000,0.08,151800.0,5,0
2023-08-20,CUST0035,Phone,West,Partner,8,35000,0.04,268800.0,5,1
2023-08-21,CUST0039,Phone,South,Online,7,35000,0.07,227850.0,4,0
2023-08-22,CUST0150,Earbuds,South,Partner,7,5000,0.11,31150.0,4,0
2023-08-23,CUST0118,Tablet,West,Partner,14,25000,0.12,308000.0,5,1
2023-08-24,CUST0261,Phone,East,Online,8,35000,0.2,224000.0,4,1
2023-08-25,CUST0087,Laptop,West,Partner,12,75000,0.19,729000.0,5,1
2023-08-26,CUST0076,Earbuds,South,Partner,12,5000,0.11,53400.0,4,0
2023-08-27,CUST0214,Watch,North,Retail,13,15000,0.21,154050.0,2,1
2023-08-28,CUST0285,Earbuds,North,Retail,14,5000,0.03,67900.0,4,1
2023-08-29,CUST0239,Watch,East,Online,11,15000,0.06,155100.0,4,0
2023-08-30,CUST0165,Earbuds,West,Online,1,5000,0.21,3950.0,2,1
2023-08-31,CUST0087,Earbuds,North,Online,13,5000,0.09,59150.0,2,1
2023-09-01,CUST0141,Earbuds,West,Retail,1,5000,0.25,3750.0,4,0
2023-09-02,CUST0160,Watch,South,Online,8,15000,0.12,105600.0,2,1
2023-09-03,CUST0046,Watch,North,Online,4,15000,0.2,48000.0,3,0
2023-09-04,CUST0112,Earbuds,East,Online,5,5000,0.1,22500.0,5,0
2023-09-05,CUST0045,Phone,South,Retail,8,35000,0.11,249200.0,5,0
2023-09-06,CUST0247,Tablet,East,Partner,5,25000,0.1,112500.0,5,0
2023-09-07,CUST0104,Tablet,South,Online,10,25000,0.18,205000.0,5,0
2023-09-08,CUST0085,Tablet,North,Partner,4,25000,0.14,86000.0,4,0
2023-09-09,CUST0134,Watch,East,Online,12,15000,0.24,136800.0,3,0
2023-09-10,CUST0108,Watch,East,Partner,6,15000,0.06,84600.0,4,0
2023-09-11,CUST0018,Phone,South,Retail,13,35000,0.03,441350.0,5,1
2023-09-12,CUST0094,Tablet,East,Retail,12,25000,0.1,270000.0,4,0
2023-09-13,CUST0150,Tablet,South,Online,5,25000,0.15,106250.0,1,1
2023-09-14,CUST0246,Earbuds,South,Partner,14,5000,0.22,54600.0,5,0
2023-09-15,CUST0289,Watch,South,Retail,7,15000,0.09,95550.0,1,1
2023-09-16,CUST0209,Tablet,South,Online,14,25000,0.16,294000.0,4,0
2023-09-17,CUST0126,Phone,North,Online,10,35000,0.09,318500.0,3,0
2023-09-18,CUST0235,Phone,South,Retail,7,35000,0.15,208250.0,4,0
2023-09-19,CUST0122,Tablet,West,Retail,13,25000,0.22,253500.0,4,0
2023-09-20,CUST0138,Watch,East,Online,4,15000,0.06,56400.0,1,1
2023-09-21,CUST0115,Phone,West,Partner,12,35000,0.1,378000.0,4,0
2023-09-22,CUST0162,Earbuds,North,Partner,13,5000,0.25,48750.0,4,0
2023-09-23,CUST0201,Phone,West,Partner,5,35000,0.22,136500.0,5,0
2023-09-24,CUST0234,Laptop,East,Online,13,75000,0.14,838500.0,5,0
2023-09-25,CUST0028,Laptop,West,Retail,3,75000,0.13,195750.0,4,0
2023-09-26,CUST0011,Watch,North,Online,4,15000,0.07,55800.0,5,0
2023-09-27,CUST0206,Tablet,South,Retail,14,25000,0.13,304500.0,3,0
2023-09-28,CUST0167,Watch,West,Partner,4,15000,0.21,47400.0,3,0
2023-09-29,CUST0247,Watch,North,Partner,3,15000,0.17,37350.0,3,0
2023-09-30,CUST0047,Watch,North,Retail,13,15000,0.07,181350.0,4,0
2023-10-01,CUST0246,Watch,East,Retail,10,15000,0.05,142500.0,3,0
2023-10-02,CUST0127,Earbuds,East,Online,5,5000,0.07,23250.0,2,1
2023-10-03,CUST0147,Earbuds,West,Partner,5,5000,0.04,24000.0,4,1
2023-10-04,CUST0118,Phone,South,Online,11,35000,0.02,377300.0,5,1
2023-10-05,CUST0152,Laptop,North,Online,7,75000,0.1,472500.0,4,0
2023-10-06,CUST0072,Watch,West,Online,4,15000,0.03,58200.0,2,1
2023-10-07,CUST0137,Phone,North,Partner,13,35000,0.04,436800.0,4,1
2023-10-08,CUST0175,Laptop,North,Online,4,75000,0.14,258000.0,4,0
2023-10-09,CUST0289,Tablet,South,Online,9,25000,0.04,216000.0,4,1
2023-10-10,CUST0019,Earbuds,South,Online,6,5000,0.02,29400.0,3,1
2023-10-11,CUST0195,Laptop,West,Online,4,75000,0.08,276000.0,4,0
2023-10-12,CUST0175,Tablet,South,Online,2,25000,0.06,47000.0,5,0
2023-10-13,CUST0141,Laptop,South,Online,6,75000,0.13,391500.0,3,0
2023-10-14,CUST0246,Earbuds,West,Partner,2,5000,0.03,9700.0,5,1
2023-10-15,CUST0093,Earbuds,South,Online,5,5000,0.19,20250.0,4,0
2023-10-16,CUST0239,Phone,East,Retail,6,35000,0.23,161700.0,3,0
2023-10-17,CUST0205,Watch,North,Online,4,15000,0.19,48600.0,4,0
2023-10-18,CUST0048,Laptop,North,Online,14,75000,0.13,913500.0,2,1
2023-10-19,CUST0245,Laptop,North,Partner,13,75000,0.22,760500.0,2,1
2023-10-20,CUST0295,Tablet,North,Partner,3,25000,0.17,62250.0,4,0
2023-10-21,CUST0128,Earbuds,West,Retail,7,5000,0.0,35000.0,5,1
2023-10-22,CUST0282,Laptop,North,Retail,2,75000,0.1,135000.0,5,0
2023-10-23,CUST0017,Earbuds,North,Partner,13,5000,0.21,51350.0,4,0
2023-10-24,CUST0071,Laptop,North,Partner,11,75000,0.09,750750.0,2,1
2023-10-25,CUST0269,Phone,North,Online,14,35000,0.01,485100.0,4,1
2023-10-26,CUST0282,Watch,East,Partner,6,15000,0.19,72900.0,4,0
2023-10-27,CUST0007,Laptop,North,Retail,13,75000,0.2,780000.0,5,0
2023-10-28,CUST0103,Earbuds,East,Online,4,5000,0.04,19200.0,5,1
2023-10-29,CUST0193,Phone,West,Retail,6,35000,0.13,182700.0,5,0
2023-10-30,CUST0241,Laptop,South,Online,4,75000,0.05,285000.0,4,0
2023-10-31,CUST0062,Tablet,North,Partner,4,25000,0.18,82000.0,4,0
2023-11-01,CUST0017,Watch,South,Retail,4,15000,0.07,55800.0,3,0
2023-11-02,CUST0171,Laptop,South,Online,9,75000,0.08,621000.0,5,1
2023-11-03,CUST0025,Phone,West,Online,7,35000,0.21,193550.0,3,0
2023-11-04,CUST0251,Tablet,South,Partner,3,25000,0.12,66000.0,1,1
2023-11-05,CUST0253,Phone,East,Partner,3,35000,0.17,87150.0,2,1
2023-11-06,CUST0207,Phone,South,Partner,6,35000,0.1,189000.0,5,0
2023-11-07,CUST0029,Tablet,South,Retail,6,25000,0.07,139500.0,4,0
2023-11-08,CUST0117,Phone,South,Online,4,35000,0.16,117600.0,4,0
2023-11-09,CUST0282,Tablet,North,Partner,9,25000,0.04,216000.0,5,1
2023-11-10,CUST0144,Laptop,North,Retail,4,75000,0.09,273000.0,5,0
2023-11-11,CUST0025,Tablet,East,Retail,9,25000,0.05,213750.0,3,0
2023-11-12,CUST0156,Tablet,East,Retail,4,25000,0.17,83000.0,3,0
2023-11-13,CUST0073,Watch,North,Partner,2,15000,0.24,22800.0,5,1
2023-11-14,CUST0120,Tablet,East,Partner,2,25000,0.25,37500.0,5,0
2023-11-15,CUST0093,Tablet,North,Online,5,25000,0.11,111250.0,4,0
2023-11-16,CUST0086,Laptop,West,Online,4,75000,0.06,282000.0,4,0
2023-11-17,CUST0118,Watch,South,Partner,7,15000,0.11,93450.0,3,0
2023-11-18,CUST0233,Earbuds,South,Retail,14,5000,0.21,55300.0,5,0
2023-11-19,CUST0199,Laptop,East,Retail,11,75000,0.05,783750.0,4,0
2023-11-20,CUST0206,Laptop,North,Retail,5,75000,0.24,285000.0,4,0
2023-11-21,CUST0147,Earbuds,North,Online,6,5000,0.09,27300.0,2,1
2023-11-22,CUST0271,Tablet,East,Retail,10,25000,0.25,187500.0,5,1
2023-11-23,CUST0139,Phone,North,Online,4,35000,0.21,110600.0,4,0
2023-11-24,CUST0181,Watch,West,Online,13,15000,0.2,156000.0,3,0
2023-11-25,CUST0030,Phone,South,Retail,12,35000,0.08,386400.0,4,0
2023-11-26,CUST0057,Earbuds,East,Retail,2,5000,0.0,10000.0,4,1
2023-11-27,CUST0232,Laptop,East,Partner,13,75000,0.1,877500.0,4,0
2023-11-28,CUST0146,Laptop,North,Partner,10,75000,0.08,690000.0,5,0
2023-11-29,CUST0048,Watch,East,Retail,9,15000,0.01,133650.0,4,1
2023-11-30,CUST0194,Laptop,West,Online,10,75000,0.13,652500.0,5,0
2023-12-01,CUST0224,Laptop,North,Online,7,75000,0.1,472500.0,2,1
2023-12-02,CUST0136,Watch,North,Online,4,15000,0.16,50400.0,2,1
2023-12-03,CUST0022,Watch,North,Online,3,15000,0.16,37800.0,3,0
2023-12-04,CUST0006,Earbuds,North,Online,10,5000,0.03,48500.0,4,1
2023-12-05,CUST0204,Laptop,West,Partner,14,75000,0.24,798000.0,4,0
2023-12-06,CUST0239,Laptop,North,Retail,3,75000,0.05,213750.0,5,0
2023-12-07,CUST0185,Earbuds,East,Partner,9,5000,0.11,40050.0,5,0
2023-12-08,CUST0292,Tablet,West,Online,5,25000,0.12,110000.0,4,0
2023-12-09,CUST0220,Tablet,South,Online,13,25000,0.2,260000.0,5,0
2023-12-10,CUST0116,Tablet,South,Online,3,25000,0.02,73500.0,3,1
2023-12-11,CUST0049,Earbuds,East,Online,5,5000,0.11,22250.0,5,0
2023-12-12,CUST0173,Laptop,East,Retail,2,75000,0.16,126000.0,4,0
2023-12-13,CUST0082,Earbuds,West,Online,11,5000,0.05,52250.0,4,0
2023-12-14,CUST0045,Earbuds,South,Retail,4,5000,0.16,16800.0,5,1
2023-12-15,CUST0020,Tablet,South,Online,10,25000,0.23,192500.0,4,0
2023-12-16,CUST0221,Phone,South,Retail,2,35000,0.25,52500.0,2,1
2023-12-17,CUST0123,Laptop,South,Partner,2,75000,0.01,148500.0,4,1
2023-12-18,CUST0234,Tablet,South,Online,12,25000,0.06,282000.0,4,0
2023-12-19,CUST0221,Phone,North,Retail,8,35000,0.08,257600.0,5,0
2023-12-20,CUST0003,Phone,East,Partner,1,35000,0.1,31500.0,4,0
2023-12-21,CUST0182,Watch,North,Online,14,15000,0.06,197400.0,5,0
2023-12-22,CUST0206,Laptop,South,Online,7,75000,0.05,498750.0,4,0
2023-12-23,CUST0040,Phone,West,Online,5,35000,0.24,133000.0,4,0
2023-12-24,CUST0059,Tablet,West,Retail,11,25000,0.23,211750.0,5,0
2023-12-25,CUST0062,Watch,South,Retail,8,15000,0.01,118800.0,4,1
2023-12-26,CUST0132,Laptop,South,Partner,1,75000,0.08,69000.0,5,0
2023-12-27,CUST0060,Earbuds,West,Retail,11,5000,0.1,49500.0,4,0
2023-12-28,CUST0122,Tablet,North,Retail,7,25000,0.06,164500.0,4,0
2023-12-29,CUST0107,Phone,North,Online,5,35000,0.16,147000.0,1,1
2023-12-30,CUST0096,Phone,South,Online,4,35000,0.16,117600.0,4,0
2023-12-31,CUST0235,Tablet,North,Online,7,25000,0.21,138250.0,3,0
2024-01-01,CUST0062,Phone,West,Online,10,35000,0.19,283500.0,5,0
2024-01-02,CUST0256,Watch,North,Online,2,15000,0.14,25800.0,3,0
2024-01-03,CUST0049,Laptop,South,Online,12,75000,0.16,756000.0,3,0
2024-01-04,CUST0159,Watch,West,Online,1,15000,0.07,13950.0,3,0
2024-01-05,CUST0124,Phone,North,Partner,1,35000,0.15,29750.0,2,1
2024-01-06,CUST0207,Earbuds,East,Partner,11,5000,0.12,48400.0,3,1
2024-01-07,CUST0048,Laptop,West,Partner,12,75000,0.03,873000.0,5,1
2024-01-08,CUST0136,Laptop,West,Partner,1,75000,0.06,70500.0,5,1
2024-01-09,CUST0201,Tablet,East,Online,12,25000,0.07,279000.0,5,0
2024-01-10,CUST0250,Tablet,East,Partner,5,25000,0.23,96250.0,5,0
2024-01-11,CUST0295,Earbuds,West,Online,10,5000,0.06,47000.0,3,0
2024-01-12,CUST0209,Laptop,East,Partner,7,75000,0.07,488250.0,5,0
2024-01-13,CUST0211,Earbuds,South,Retail,2,5000,0.09,9100.0,2,1
2024-01-14,CUST0192,Tablet,South,Partner,10,25000,0.17,207500.0,3,0
2024-01-15,CUST0044,Tablet,South,Partner,8,25000,0.03,194000.0,4,1
2024-01-16,CUST0029,Laptop,West,Online,4,75000,0.24,228000.0,2,1
2024-01-17,CUST0059,Watch,East,Partner,12,15000,0.22,140400.0,5,0
2024-01-18,CUST0071,Phone,East,Retail,3,35000,0.14,90300.0,4,0
2024-01-19,CUST0092,Tablet,North,Online,10,25000,0.17,207500.0,5,0
2024-01-20,CUST0265,Tablet,North,Online,11,25000,0.0,275000.0,4,1
2024-01-21,CUST0220,Watch,East,Partner,8,15000,0.08,110400.0,3,0
2024-01-22,CUST0215,Watch,East,Online,2,15000,0.2,24000.0,5,1
2024-01-23,CUST0277,Earbuds,East,Online,11,5000,0.02,53900.0,3,1
2024-01-24,CUST0064,Earbuds,West,Online,11,5000,0.07,51150.0,4,0
2024-01-25,CUST0292,Phone,East,Online,13,35000,0.15,386750.0,2,1
2024-01-26,CUST0245,Phone,North,Online,3,35000,0.06,98700.0,4,0
2024-01-27,CUST0062,Laptop,West,Online,12,75000,0.23,693000.0,4,0
2024-01-28,CUST0170,Earbuds,East,Retail,3,5000,0.03,14550.0,4,1
2024-01-29,CUST0269,Tablet,North,Partner,10,25000,0.2,200000.0,5,0
2024-01-30,CUST0267,Earbuds,West,Retail,11,5000,0.13,47850.0,5,0
2024-01-31,CUST0054,Tablet,East,Online,1,25000,0.19,20250.0,5,0
2024-02-01,CUST0016,Watch,East,Online,6,15000,0.08,82800.0,5,0
2024-02-02,CUST0008,Earbuds,East,Partner,2,5000,0.13,8700.0,3,1
2024-02-03,CUST0104,Watch,West,Retail,1,15000,0.21,11850.0,4,0
2024-02-04,CUST0059,Phone,North,Partner,2,35000,0.12,61600.0,3,0
2024-02-05,CUST0040,Phone,North,Retail,12,35000,0.09,382200.0,2,1
2024-02-06,CUST0237,Laptop,South,Online,6,75000,0.13,391500.0,5,0
2024-02-07,CUST0094,Earbuds,East,Partner,14,5000,0.18,57400.0,4,1
2024-02-08,CUST0222,Watch,South,Partner,4,15000,0.11,53400.0,4,0
2024-02-09,CUST0204,Tablet,South,Online,6,25000,0.23,115500.0,3,0
2024-02-10,CUST0138,Phone,North,Partner,12,35000,0.07,390600.0,4,0
2024-02-11,CUST0300,Phone,West,Retail,9,35000,0.12,277200.0,1,1
2024-02-12,CUST0207,Tablet,West,Retail,13,25000,0.19,263250.0,2,1
2024-02-13,CUST0081,Watch,North,Retail,10,15000,0.17,124500.0,1,1
2024-02-14,CUST0218,Watch,West,Retail,12,15000,0.22,140400.0,4,0
2024-02-15,CUST0002,Earbuds,South,Online,10,5000,0.25,37500.0,4,0
2024-02-16,CUST0178,Earbuds,East,Partner,8,5000,0.11,35600.0,2,1
2024-02-17,CUST0279,Laptop,North,Retail,1,75000,0.03,72750.0,5,1
2024-02-18,CUST0146,Phone,East,Online,13,35000,0.01,450450.0,3,1
2024-02-19,CUST0224,Earbuds,West,Partner,8,5000,0.18,32800.0,4,0
2024-02-20,CUST0062,Watch,East,Partner,9,15000,0.22,105300.0,5,0
2024-02-21,CUST0294,Tablet,West,Online,6,25000,0.06,141000.0,4,0
2024-02-22,CUST0239,Watch,West,Online,10,15000,0.04,144000.0,5,1
2024-02-23,CUST0195,Phone,South,Retail,5,35000,0.02,171500.0,5,1
2024-02-24,CUST0166,Watch,West,Partner,6,15000,0.21,71100.0,4,0
2024-02-25,CUST0222,Laptop,South,Partner,13,75000,0.08,897000.0,5,0
2024-02-26,CUST0061,Phone,South,Online,6,35000,0.1,189000.0,5,1
2024-02-27,CUST0129,Tablet,South,Partner,9,25000,0.13,195750.0,4,0
2024-02-28,CUST0173,Laptop,North,Retail,4,75000,0.21,237000.0,3,0
2024-02-29,CUST0156,Phone,North,Partner,2,35000,0.16,58800.0,5,0
2024-03-01,CUST0110,Tablet,West,Online,11,25000,0.15,233750.0,5,0
2024-03-02,CUST0269,Laptop,South,Online,11,75000,0.04,792000.0,3,1
2024-03-03,CUST0278,Laptop,North,Retail,9,75000,0.13,587250.0,4,0
2024-03-04,CUST0074,Phone,South,Retail,2,35000,0.18,57400.0,5,0
2024-03-05,CUST0207,Earbuds,East,Partner,10,5000,0.24,38000.0,4,0
2024-03-06,CUST0279,Laptop,East,Partner,9,75000,0.05,641250.0,4,0
2024-03-07,CUST0204,Laptop,East,Online,2,75000,0.0,150000.0,5,1
2024-03-08,CUST0161,Tablet,West,Retail,12,25000,0.02,294000.0,4,1
2024-03-09,CUST0028,Watch,South,Retail,8,15000,0.09,109200.0,4,0
2024-03-10,CUST0257,Phone,East,Retail,9,35000,0.21,248850.0,5,0
2024-03-11,CUST0165,Phone,North,Partner,12,35000,0.0,420000.0,5,1
2024-03-12,CUST0063,Earbuds,East,Retail,10,5000,0.11,44500.0,4,0
2024-03-13,CUST0022,Earbuds,East,Online,9,5000,0.08,41400.0,4,0
2024-03-14,CUST0070,Phone,East,Online,10,35000,0.01,346500.0,4,1
2024-03-15,CUST0096,Earbuds,West,Partner,9,5000,0.11,40050.0,5,0
2024-03-16,CUST0163,Tablet,North,Partner,2,25000,0.06,47000.0,2,1
2024-03-17,CUST0079,Phone,South,Retail,4,35000,0.09,127400.0,3,0
2024-03-18,CUST0005,Earbuds,North,Partner,7,5000,0.18,28700.0,4,0
2024-03-19,CUST0120,Phone,South,Online,12,35000,0.13,365400.0,5,0
2024-03-20,CUST0178,Watch,West,Retail,2,15000,0.03,29100.0,3,1
2024-03-21,CUST0176,Laptop,West,Online,1,75000,0.24,57000.0,3,0
2024-03-22,CUST0217,Phone,West,Retail,3,35000,0.16,88200.0,2,1
2024-03-23,CUST0056,Laptop,West,Partner,12,75000,0.19,729000.0,5,0
2024-03-24,CUST0187,Earbuds,South,Retail,4,5000,0.02,19600.0,3,1
2024-03-25,CUST0232,Laptop,East,Retail,8,75000,0.01,594000.0,4,1
2024-03-26,CUST0255,Phone,South,Online,6,35000,0.0,210000.0,4,1
2024-03-27,CUST0104,Watch,North,Online,11,15000,0.05,156750.0,5,0
2024-03-28,CUST0077,Earbuds,West,Retail,2,5000,0.1,9000.0,4,0
2024-03-29,CUST0230,Phone,West,Partner,9,35000,0.23,242550.0,2,1
2024-03-30,CUST0258,Earbuds,North,Partner,14,5000,0.11,62300.0,4,0
2024-03-31,CUST0264,Tablet,South,Online,2,25000,0.07,46500.0,5,0
2024-04-01,CUST0182,Laptop,East,Partner,13,75000,0.14,838500.0,4,1
2024-04-02,CUST0256,Tablet,East,Online,12,25000,0.03,291000.0,5,1
2024-04-03,CUST0038,Phone,North,Partner,5,35000,0.15,148750.0,5,0
2024-04-04,CUST0176,Watch,East,Retail,12,15000,0.14,154800.0,1,1
2024-04-05,CUST0027,Earbuds,South,Online,4,5000,0.2,16000.0,4,0
2024-04-06,CUST0276,Laptop,South,Online,13,75000,0.25,731250.0,3,0
2024-04-07,CUST0140,Earbuds,North,Retail,7,5000,0.06,32900.0,4,1
2024-04-08,CUST0299,Phone,South,Online,8,35000,0.13,243600.0,3,0
2024-04-09,CUST0287,Earbuds,West,Partner,5,5000,0.23,19250.0,3,1
2024-04-10,CUST0091,Laptop,North,Partner,10,75000,0.2,600000.0,5,1
2024-04-11,CUST0061,Phone,South,Online,14,35000,0.12,431200.0,3,0
2024-04-12,CUST0163,Earbuds,North,Partner,14,5000,0.24,53200.0,5,0
2024-04-13,CUST0143,Watch,East,Online,5,15000,0.01,74250.0,1,1
2024-04-14,CUST0253,Phone,South,Retail,2,35000,0.23,53900.0,2,1
